"*Date (MM/DD/YYYY)","Time (UTC+0)","Type","Currency","*Amount","Beneficiary","Description","Transaction ID","Reference"
"10/2/2026","09:08:40","Debit","EUR","-2.65",,"Processing Fee","6EAE3457","marketing services agency"
"10/2/2026","09:08:40","Debit","EUR","-93.67",,"Fx Fee","6EAE3457","marketing services agency"
"10/2/2026","09:08:40","Debit","EUR","-26669.04","COD KINGDOM LLC SLASH","Transfer to COD KINGDOM LLC SLASH","6EAE3457","marketing services agency"
"10/1/2026","14:31:49","Debit","EUR","-5.32",,"Receiving Fee","FBC13BEB","Inv-310"
"10/1/2026","14:31:49","Credit","EUR","9232.50",,"Payment from NORDIVENTA to New AdRice Eur","FBC13BEB","Inv-310"
"10/1/2026","14:30:49","Debit","EUR","-4.31",,"Receiving Fee","ADECFC3C","inv-309"
"10/1/2026","14:30:49","Credit","EUR","7205.00",,"Payment from NORDIVENTA OU to New AdRice Eur","ADECFC3C","inv-309"
"10/1/2026","11:51:27","Debit","EUR","-12.52",,"Receiving Fee","6AE74A20","INV-308"
"10/1/2026","11:51:27","Credit","EUR","23622.50",,"Payment from Trendisupply Kft. to New AdRice Eur","6AE74A20","INV-308"
"10/1/2026","09:18:54","Debit","EUR","-2.65",,"Processing Fee","339E2570","Invoice VL-2026-006"
"10/1/2026","09:18:54","Debit","EUR","-8700.00","Vallian Limited","Transfer to Vallian Limited","339E2570","Invoice VL-2026-006"
"10/1/2026","09:03:26","Debit","EUR","-2.65",,"Processing Fee","04E05905","invoice number 250"
"10/1/2026","09:03:26","Debit","EUR","-38500.00","LEVANTIN SRL","Transfer to LEVANTIN SRL","04E05905","invoice number 250"
"10/1/2026","09:00:41","Debit","EUR","-2.65",,"Processing Fee","F6DF0E99","inv 3"
"10/1/2026","09:00:41","Debit","EUR","-2010.00","AFFINITO FABIO","Transfer to AFFINITO FABIO","F6DF0E99","inv 3"
"10/1/2026","08:57:50","Debit","EUR","-2.65",,"Processing Fee","CE321A9B","N. 2012872695736"
"10/1/2026","08:57:50","Debit","EUR","-7350.00","WSCP LLC (fr_giro)","Transfer to WSCP LLC (fr_giro)","CE321A9B","N. 2012872695736"
"10/1/2026","08:56:41","Debit","EUR","-2.65",,"Processing Fee","315368EA","inv 389 del 28/09/2026"
"10/1/2026","08:56:41","Debit","EUR","-5856.00","Spoladori Davide","Transfer to Spoladori Davide","315368EA","inv 389 del 28/09/2026"
"10/1/2026","08:55:09","Debit","EUR","-2.65",,"Processing Fee","3397F069","INV2609273"
"10/1/2026","08:55:09","Debit","EUR","-1347.00","CSW Scale OÜ (LT IBAN)","Transfer to CSW Scale OÜ (LT IBAN)","3397F069","INV2609273"
"10/1/2026","08:48:51","Debit","EUR","-7.05",,"Processing Fee","2D5C5AD1","INVOICE 2026/09-28/02"
"10/1/2026","08:48:51","Debit","EUR","-880.00","Shubham Khatwani","Transfer to Shubham Khatwani","2D5C5AD1","INVOICE 2026/09-28/02"
"10/1/2026","07:02:44","Debit","EUR","-7.37",,"Receiving Fee","7B9985F1","advance payment 3/4 invoice n INV-272 date 28/08/2026"
"10/1/2026","07:02:44","Credit","EUR","13340.00",,"Payment from Netmart to New AdRice Eur","7B9985F1","advance payment 3/4 invoice n INV-272 date 28/08/2026"
"9/30/2026","14:07:13","Debit","EUR","-7.42",,"Receiving Fee","BCDD0A81","1 adv payment inv. 306"
"9/30/2026","14:07:13","Credit","EUR","13440.00",,"Payment from Bizzer LLC to New AdRice Eur","BCDD0A81","1 adv payment inv. 306"
"9/30/2026","09:09:48","Debit","EUR","-19.20",,"Receiving Fee","B99820CA","INV-303"
"9/30/2026","09:09:48","Credit","EUR","37000.00",,"Payment from Trendisupply Kft. to New AdRice Eur","B99820CA","INV-303"
"9/30/2026","08:32:02","Debit","EUR","-7.05",,"Processing Fee","8328B7F6","marketing services agency"
"9/30/2026","08:32:02","Debit","EUR","-52.96",,"Fx Fee","8328B7F6","marketing services agency"
"9/30/2026","08:32:02","Debit","EUR","-26422.41","TECDO HONG KONG LIMITED","Transfer to TECDO HONG KONG LIMITED","8328B7F6","marketing services agency"
"9/30/2026","08:29:55","Debit","EUR","-35.00",,"Other transactions or fees","90572FC9","Roberto Agency"
"9/30/2026","08:29:54","Credit","EUR","10000.00",,"Returned transaction","90572FC9","Roberto Agency"
"9/29/2026","11:54:11","Debit","EUR","-4.20",,"Receiving Fee","9346A77F","4 adv payment invoice inv-245it"
"9/29/2026","11:54:11","Credit","EUR","7000.00",,"Payment from Wonderlabs Group LLC to New AdRice Eur","9346A77F","4 adv payment invoice inv-245it"
"9/29/2026","11:53:10","Debit","EUR","-14.20",,"Receiving Fee","333CFF79","3 adv payment invoice  297"
"9/29/2026","11:53:10","Credit","EUR","27000.00",,"Payment from Bizzer LLC to New AdRice Eur","333CFF79","3 adv payment invoice  297"
"9/29/2026","10:52:47","Debit","EUR","-52.98",,"Fx Fee","9FA84A45","INVOICE ACL-X9-103"
"9/29/2026","10:52:47","Debit","EUR","-26436.38","Adcentra Limited","Transfer to Adcentra Limited","9FA84A45","INVOICE ACL-X9-103"
"9/29/2026","10:50:50","Debit","EUR","-2.65",,"Processing Fee","77E060EE","Numero: 70"
"9/29/2026","10:50:50","Debit","EUR","-5531.00","DESIREE SERGI","Transfer to DESIREE SERGI","77E060EE","Numero: 70"
"9/29/2026","06:26:06","Debit","EUR","-7.37",,"Receiving Fee","293892E5","advance payment 2/4 invoice n INV-272 date 28/08/2026"
"9/29/2026","06:26:06","Credit","EUR","13340.00",,"Payment from Netmart to New AdRice Eur","293892E5","advance payment 2/4 invoice n INV-272 date 28/08/2026"
"9/28/2026","17:46:46","Debit","EUR","-2.65",,"Processing Fee","02BEE2A3","FT-2026/039"
"9/28/2026","17:46:46","Debit","EUR","-26.43",,"Fx Fee","02BEE2A3","FT-2026/039"
"9/28/2026","17:46:46","Debit","EUR","-13185.66","Unbreakable Network Media LLC (Wise)","Transfer to Unbreakable Network Media LLC (Wise)","02BEE2A3","FT-2026/039"
"9/28/2026","17:45:48","Debit","EUR","-2.65",,"Processing Fee","3B2B2B0C","FT-2026/038"
"9/28/2026","17:45:48","Debit","EUR","-44.05",,"Fx Fee","3B2B2B0C","FT-2026/038"
"9/28/2026","17:45:48","Debit","EUR","-21976.10","Unbreakable Network Media LLC (mercury)","Transfer to Unbreakable Network Media LLC (mercury)","3B2B2B0C","FT-2026/038"
"9/28/2026","17:35:15","Debit","EUR","-7.05",,"Processing Fee","42C46B7F","invoice 75"
"9/28/2026","17:35:15","Debit","EUR","-2463.00","LivinAds INC (new)","Transfer to LivinAds INC (new)","42C46B7F","invoice 75"
"9/28/2026","17:30:05","Debit","EUR","-7.05",,"Processing Fee","29E79735","marketing services agency"
"9/28/2026","17:30:05","Debit","EUR","-52.85",,"Fx Fee","29E79735","marketing services agency"
"9/28/2026","17:30:05","Debit","EUR","-26371.31","TECDO HONG KONG LIMITED","Transfer to TECDO HONG KONG LIMITED","29E79735","marketing services agency"
"9/28/2026","13:03:11","Debit","EUR","-7.59",,"Receiving Fee","E58A77A9","inv-305 part 2 last"
"9/28/2026","13:03:11","Credit","EUR","13768.50",,"Payment from NORDIVENTA OU to New AdRice Eur","E58A77A9","inv-305 part 2 last"
"9/28/2026","12:04:30","Debit","EUR","-8.20",,"Receiving Fee","A0C5D95B","2 adv payment invoice 297"
"9/28/2026","12:04:30","Credit","EUR","15000.00",,"Payment from Bizzer LLC to New AdRice Eur","A0C5D95B","2 adv payment invoice 297"
"9/28/2026","12:04:30","Debit","EUR","-3.20",,"Receiving Fee","0B8A34D0","3 adv payment inv. 245it"
"9/28/2026","12:04:30","Credit","EUR","5000.00",,"Payment from Wonderlabs Group LLC to New AdRice Eur","0B8A34D0","3 adv payment inv. 245it"
"9/28/2026","11:27:18","Debit","EUR","-7.05",,"Processing Fee","30C3681E","marketing services agency"
"9/28/2026","11:27:18","Debit","EUR","-26.43",,"Fx Fee","30C3681E","marketing services agency"
"9/28/2026","11:27:18","Debit","EUR","-13186.82","GLOBAL INTEGRATED MARKETING","Transfer to GLOBAL INTEGRATED MARKETING","30C3681E","marketing services agency"
"9/28/2026","11:23:30","Debit","EUR","-25.70",,"Receiving Fee","7F7A2473","INV-303"
"9/28/2026","11:23:30","Credit","EUR","50000.00",,"Payment from Trendisupply Kft. to New AdRice Eur","7F7A2473","INV-303"
"9/28/2026","11:22:09","Debit","EUR","-16.66",,"Receiving Fee","947D589B","INV-298"
"9/28/2026","11:22:09","Credit","EUR","31915.00",,"Payment from Trendisupply Kft. to New AdRice Eur","947D589B","INV-298"
"9/28/2026","11:06:49","Debit","EUR","-2.70",,"Receiving Fee","9088371D","INV-305 part 1"
"9/28/2026","11:06:49","Credit","EUR","4000.00",,"Payment from NORDIVENTA OU to New AdRice Eur","9088371D","INV-305 part 1"
"9/28/2026","11:05:49","Debit","EUR","-6.15",,"Receiving Fee","36D9C2B2","INV-304"
"9/28/2026","11:05:49","Credit","EUR","10891.00",,"Payment from NORDIVENTA OU to New AdRice Eur","36D9C2B2","INV-304"
"9/28/2026","10:08:29","Debit","EUR","-9.99",,"Receiving Fee","190F4CE0","Inv-285"
"9/28/2026","10:08:29","Credit","EUR","18572.50",,"Payment from NORDIVENTA to New AdRice Eur","190F4CE0","Inv-285"
"9/28/2026","09:26:57","Debit","EUR","-35.00",,"Other transactions or fees","4F287328","Invoice No : 75"
"9/28/2026","09:26:57","Credit","EUR","2423.00",,"Returned transaction","4F287328","Invoice No : 75"
"9/28/2026","06:55:11","Debit","EUR","-2.65",,"Processing Fee","F66E5AEE","Pro Forma Invoice / 1021"
"9/28/2026","06:55:11","Debit","EUR","-422.00","David Busel","Transfer to David Busel","F66E5AEE","Pro Forma Invoice / 1021"
"9/28/2026","06:49:40","Debit","EUR","-2.65",,"Processing Fee","00737908","INVOICE no. 468/2026 of 2026-09-24"
"9/28/2026","06:49:40","Debit","EUR","-10130.00","ZARK S.R.L.","Transfer to ZARK S.R.L.","00737908","INVOICE no. 468/2026 of 2026-09-24"
"9/28/2026","06:47:53","Debit","EUR","-2.65",,"Processing Fee","E4E714DE","inv. 384 del 24/09/2026"
"9/28/2026","06:47:53","Debit","EUR","-3636.00","Spoladori Davide","Transfer to Spoladori Davide","E4E714DE","inv. 384 del 24/09/2026"
"9/28/2026","06:40:38","Debit","EUR","-60.74",,"Fx Fee","61270828","lead generation INVOICE ACL-X9-098"
"9/28/2026","06:40:38","Debit","EUR","-26362.04","Adcentra Limited","Transfer to Adcentra Limited","61270828","lead generation INVOICE ACL-X9-098"
"9/26/2026","11:42:54","Debit","EUR","-7.00",,"Processing Fee","0F2E7A9C","INVOICE  2026/09-24/01"
"9/26/2026","11:42:54","Debit","EUR","-496.00","Shubham Khatwani","Transfer to Shubham Khatwani","0F2E7A9C","INVOICE  2026/09-24/01"
"9/25/2026","14:58:16","Debit","EUR","-15.70",,"Receiving Fee","60BBAC08","INV-298"
"9/25/2026","14:58:16","Credit","EUR","30000.00",,"Payment from Trendisupply Kft. to New AdRice Eur","60BBAC08","INV-298"
"9/25/2026","14:19:25","Debit","EUR","-7.00",,"Processing Fee","9F4B6035","marketing service agencies"
"9/25/2026","14:19:25","Debit","EUR","-43.97",,"Fx Fee","9F4B6035","marketing service agencies"
"9/25/2026","14:19:25","Debit","EUR","-17540.79","TECDO HONG KONG LIMITED","Transfer to TECDO HONG KONG LIMITED","9F4B6035","marketing service agencies"
"9/25/2026","14:17:33","Debit","EUR","-7.00",,"Processing Fee","EB93593C","marketing service"
"9/25/2026","14:17:33","Debit","EUR","-21.99",,"Fx Fee","EB93593C","marketing service"
"9/25/2026","14:17:33","Debit","EUR","-8770.40","GLOBAL INTEGRATED MARKETING","Transfer to GLOBAL INTEGRATED MARKETING","EB93593C","marketing service"
"9/25/2026","10:35:13","Debit","EUR","-38.25",,"Receiving Fee","36B70E53","INV-299"
"9/25/2026","10:35:13","Credit","EUR","75096.50",,"Payment from Trendisupply Kft. to New AdRice Eur","36B70E53","INV-299"
"9/25/2026","09:49:54","Debit","EUR","-7.00",,"Processing Fee","A22EF018","2026/09-24/01"
"9/25/2026","09:49:54","Debit","EUR","-496.00","Shubham Khatwani","Transfer to Shubham Khatwani","A22EF018","2026/09-24/01"
"9/25/2026","09:48:53","Debit","EUR","-2.65",,"Processing Fee","E70C06CD","inv 2"
"9/25/2026","09:48:53","Debit","EUR","-2028.00","AFFINITO FABIO","Transfer to AFFINITO FABIO","E70C06CD","inv 2"
"9/25/2026","09:38:39","Debit","EUR","-2.65",,"Processing Fee","79C6DC5A","FATTURA nr. FPR 42/26 del 23/09/2026"
"9/25/2026","09:38:39","Debit","EUR","-4802.00","NCM srls","Transfer to NCM srls","79C6DC5A","FATTURA nr. FPR 42/26 del 23/09/2026"
"9/25/2026","09:20:39","Debit","EUR","-35.00",,"Other transactions or fees","4192B518","4rd payment for personal expenses (owner drawings)"
"9/25/2026","09:20:39","Credit","EUR","24980.00",,"Returned transaction","4192B518","4rd payment for personal expenses (owner drawings)"
"9/24/2026","15:25:16","Debit","EUR","-16.18",,"Receiving Fee","DBA6D8C4","1 adv payment inv 297"
"9/24/2026","15:25:16","Credit","EUR","30960.00",,"Payment from Bizzer LLC to New AdRice Eur","DBA6D8C4","1 adv payment inv 297"
"9/24/2026","11:58:14","Debit","EUR","-6.53",,"Receiving Fee","D88D2B3E","INV-301"
"9/24/2026","11:58:14","Credit","EUR","11658.00",,"Payment from NORDIVENTA OU to New AdRice Eur","D88D2B3E","INV-301"
"9/24/2026","11:58:14","Debit","EUR","-5.37",,"Receiving Fee","54D4B97E","inv-300"
"9/24/2026","11:58:14","Credit","EUR","9324.00",,"Payment from NORDIVENTA OU to New AdRice Eur","54D4B97E","inv-300"
"9/24/2026","09:09:50","Debit","EUR","-35.00",,"Other transactions or fees","01579915","5nd payment for personal expenses (owner drawings)"
"9/24/2026","09:09:50","Credit","EUR","24980.00",,"Returned transaction","01579915","5nd payment for personal expenses (owner drawings)"
"9/24/2026","07:27:30","Debit","EUR","-7.37",,"Receiving Fee","32ABA9F4","advance payment 1/4 invoice n INV-272 date 28/08/2026"
"9/24/2026","07:27:30","Credit","EUR","13340.00",,"Payment from Netmart to New AdRice Eur","32ABA9F4","advance payment 1/4 invoice n INV-272 date 28/08/2026"
"9/24/2026","07:13:49","Debit","EUR","-9.61",,"Receiving Fee","FD345BD7","balance payment 4/4 invoice n INV-256 date 20/08/2026"
"9/24/2026","07:13:49","Credit","EUR","17810.00",,"Payment from Netmart LLC to New AdRice Eur","FD345BD7","balance payment 4/4 invoice n INV-256 date 20/08/2026"
"9/23/2026","16:37:03","Debit","EUR","-2.65",,"Processing Fee","79BDBE7C","Numero fattura 6092026"
"9/23/2026","16:37:03","Debit","EUR","-14500.00","MINDSETTING 4.0 GMBH","Transfer to MINDSETTING 4.0 GMBH","79BDBE7C","Numero fattura 6092026"
"9/23/2026","15:57:23","Debit","EUR","-2.65",,"Processing Fee","83386F91","Invoice No. VL-2026-002"
"9/23/2026","15:57:23","Debit","EUR","-7533.00","Vallian Limited","Transfer to Vallian Limited","83386F91","Invoice No. VL-2026-002"
"9/23/2026","15:53:04","Debit","EUR","-7.00",,"Processing Fee","89D1F0E4","Invoice No - 00131821"
"9/23/2026","15:53:04","Debit","EUR","-137.60","VIRTUZONE UAE FZ LLC (EURO)","Transfer to VIRTUZONE UAE FZ LLC (EURO)","89D1F0E4","Invoice No - 00131821"
"9/23/2026","14:24:33","Debit","EUR","-2.65",,"Processing Fee","7BB40A04","inv. 379 del 22/09/2026"
"9/23/2026","14:24:33","Debit","EUR","-2513.00","Spoladori Davide","Transfer to Spoladori Davide","7BB40A04","inv. 379 del 22/09/2026"
"9/23/2026","14:22:58","Debit","EUR","-2.65",,"Processing Fee","C9F3F2B5","Invoice no. 115/2026"
"9/23/2026","14:22:58","Debit","EUR","-206.00","FUTURADV S.R.L.S.","Transfer to FUTURADV S.R.L.S.","C9F3F2B5","Invoice no. 115/2026"
"9/23/2026","14:21:05","Debit","EUR","-2.65",,"Processing Fee","EE922646","INV2609270"
"9/23/2026","14:21:05","Debit","EUR","-1058.00","CSW Scale OÜ (LT IBAN)","Transfer to CSW Scale OÜ (LT IBAN)","EE922646","INV2609270"
"9/23/2026","14:19:24","Debit","EUR","-2.65",,"Processing Fee","935EB57A","FATTURA nr. FPR 83/26 del 20/09/2026"
"9/23/2026","14:19:24","Debit","EUR","-1018.00","TC ADVERTISING SRLS","Transfer to TC ADVERTISING SRLS","935EB57A","FATTURA nr. FPR 83/26 del 20/09/2026"
"9/23/2026","12:19:15","Debit","EUR","-3.20",,"Receiving Fee","8D354A9D","2 adv payment invoice 245it"
"9/23/2026","12:19:15","Credit","EUR","5000.00",,"Payment from Wonderlabs Group LLC to New AdRice Eur","8D354A9D","2 adv payment invoice 245it"
"9/23/2026","11:32:14","Debit","EUR","-5.12",,"Receiving Fee","AA4AA32B","Inv-295"
"9/23/2026","11:32:14","Credit","EUR","8827.50",,"Payment from NORDIVENTA to New AdRice Eur","AA4AA32B","Inv-295"
"9/23/2026","11:31:15","Debit","EUR","-4.03",,"Receiving Fee","7BDAAC05","inv-296"
"9/23/2026","11:31:15","Credit","EUR","6656.50",,"Payment from NORDIVENTA OU to New AdRice Eur","7BDAAC05","inv-296"
"9/23/2026","10:49:14","Debit","EUR","-8.20",,"Receiving Fee","6B9A3966","invoice 248"
"9/23/2026","10:49:14","Credit","EUR","15000.00",,"Payment from Bizzer LLC to New AdRice Eur","6B9A3966","invoice 248"
"9/23/2026","10:36:54","Debit","EUR","-5.10",,"Receiving Fee","7B2BC071","Inv-293"
"9/23/2026","10:36:54","Credit","EUR","8782.50",,"Payment from NORDIVENTA to New AdRice Eur","7B2BC071","Inv-293"
"9/22/2026","14:53:00","Debit","EUR","-7.00",,"Processing Fee","F14E7DED","extra payment for personal expenses (owner drawings)"
"9/22/2026","14:53:00","Debit","EUR","-7800.00","Maximo Jesus Aguilar Cosentino","Transfer to Maximo Jesus Aguilar Cosentino","F14E7DED","extra payment for personal expenses (owner drawings)"
"9/22/2026","12:08:37","Debit","EUR","-10.04",,"Receiving Fee","507C21A1","INV-292"
"9/22/2026","12:08:37","Credit","EUR","18675.50",,"Payment from NORDIVENTA OU to New AdRice Eur","507C21A1","INV-292"
"9/22/2026","08:57:07","Debit","EUR","-7.00",,"Processing Fee","5DB4D253","marketing services TECDO HONG KONG LIMITED"
"9/22/2026","08:57:07","Debit","EUR","-43.74",,"Fx Fee","5DB4D253","marketing services TECDO HONG KONG LIMITED"
"9/22/2026","08:57:07","Debit","EUR","-17450.49","TECDO HONG KONG LIMITED","Transfer to TECDO HONG KONG LIMITED","5DB4D253","marketing services TECDO HONG KONG LIMITED"
"9/22/2026","08:24:13","Debit","EUR","-7.31",,"Receiving Fee","CA79ED15","inv-291"
"9/22/2026","08:24:13","Credit","EUR","13206.00",,"Payment from NORDIVENTA OU to New AdRice Eur","CA79ED15","inv-291"
"9/22/2026","08:22:13","Debit","EUR","-6.27",,"Receiving Fee","8F4857E0","Inv-294"
"9/22/2026","08:22:13","Credit","EUR","11135.50",,"Payment from NORDIVENTA to New AdRice Eur","8F4857E0","Inv-294"
"9/22/2026","07:11:32","Debit","EUR","-9.61",,"Receiving Fee","3F49D0BB","advance payment 3/4 invoice n INV-256 date 20/08/2026"
"9/22/2026","07:11:32","Credit","EUR","17810.00",,"Payment from Netmart LLC to New AdRice Eur","3F49D0BB","advance payment 3/4 invoice n INV-256 date 20/08/2026"
"9/22/2026","06:41:15","Debit","EUR","-2.65",,"Processing Fee","F97FA18D","INVOICE no. 83/2026 of 2026-09-18"
"9/22/2026","06:41:15","Debit","EUR","-26027.00","MANY LEADS S.R.L.","Transfer to MANY LEADS S.R.L.","F97FA18D","INVOICE no. 83/2026 of 2026-09-18"
"9/22/2026","06:38:45","Debit","EUR","-2.65",,"Processing Fee","B1483D27","INVOICEN. 2012872695730"
"9/22/2026","06:38:45","Debit","EUR","-6307.00","WSCP LLC (fr_giro)","Transfer to WSCP LLC (fr_giro)","B1483D27","INVOICEN. 2012872695730"
"9/21/2026","14:17:14","Debit","EUR","-2.65",,"Processing Fee","3640B36E","inv 09 039"
"9/21/2026","14:17:14","Debit","EUR","-65.55",,"Fx Fee","3640B36E","inv 09 039"
"9/21/2026","14:17:14","Debit","EUR","-26152.91","DataWave Creative LLC","Transfer to DataWave Creative LLC","3640B36E","inv 09 039"
"9/20/2026","09:37:28","Debit","EUR","-2.60",,"Processing Fee","E3F0CD64","INVOICE no. 463/2026 of 2026-09-17"
"9/20/2026","09:37:28","Debit","EUR","-8598.00","ZARK S.R.L.","Transfer to ZARK S.R.L.","E3F0CD64","INVOICE no. 463/2026 of 2026-09-17"
"9/20/2026","09:33:56","Debit","EUR","-2.60",,"Processing Fee","6BA3BB38","inv 368 del 17/09/2026"
"9/20/2026","09:33:56","Debit","EUR","-643.00","Spoladori Davide","Transfer to Spoladori Davide","6BA3BB38","inv 368 del 17/09/2026"
"9/20/2026","09:32:23","Debit","EUR","-2.60",,"Processing Fee","5BAD764D","Invoice no: 142"
"9/20/2026","09:32:23","Debit","EUR","-4100.00","Lead Busters LLC","Transfer to Lead Busters LLC","5BAD764D","Invoice no: 142"
"9/20/2026","08:49:12","Debit","EUR","-6.95",,"Processing Fee","B299A502","Nr i Fatures: 24"
"9/20/2026","08:49:12","Debit","EUR","-15000.00","Rozi Consulting","Transfer to Rozi Consulting","B299A502","Nr i Fatures: 24"
"9/18/2026","11:28:36","Debit","EUR","-2.60",,"Processing Fee","23C73450","inv. n. 26/26 del 16/09/2026"
"9/18/2026","11:28:36","Debit","EUR","-27509.00","Feel s.r.l.","Transfer to Feel s.r.l.","23C73450","inv. n. 26/26 del 16/09/2026"
"9/18/2026","11:26:25","Debit","EUR","-2.60",,"Processing Fee","CE24C436","INV-010"
"9/18/2026","11:26:25","Debit","EUR","-0.31",,"Fx Fee","CE24C436","INV-010"
"9/18/2026","11:26:25","Debit","EUR","-123.59","MINTED GROUP LIMITED (USD acc)","Transfer to MINTED GROUP LIMITED (USD acc)","CE24C436","INV-010"
"9/18/2026","10:58:49","Debit","EUR","-6.95",,"Processing Fee","048075F9","Invoice No - 00131531"
"9/18/2026","10:58:49","Debit","EUR","-124.43","VIRTUZONE UAE FZ LLC (EURO)","Transfer to VIRTUZONE UAE FZ LLC (EURO)","048075F9","Invoice No - 00131531"
"9/18/2026","10:36:08","Debit","EUR","-6.95",,"Processing Fee","6B9CE160","marketing services agency"
"9/18/2026","10:36:08","Debit","EUR","-43.67",,"Fx Fee","6B9CE160","marketing services agency"
"9/18/2026","10:36:08","Debit","EUR","-17421.61","TECDO HONG KONG LIMITED","Transfer to TECDO HONG KONG LIMITED","6B9CE160","marketing services agency"
"9/18/2026","10:25:09","Debit","EUR","-28.15",,"Receiving Fee","847FF56A","INV-264"
"9/18/2026","10:25:09","Credit","EUR","55000.00",,"Payment from Trendisupply Kft. to New AdRice Eur","847FF56A","INV-264"
"9/17/2026","14:25:52","Debit","EUR","-10.65",,"Receiving Fee","6700CEBA","3 adv payment inv 248"
"9/17/2026","14:25:52","Credit","EUR","20000.00",,"Payment from Bizzer LLC to New AdRice Eur","6700CEBA","3 adv payment inv 248"
"9/17/2026","12:45:36","Debit","EUR","-2.60",,"Processing Fee","0EF7920C","Invoice : 11"
"9/17/2026","12:45:36","Debit","EUR","-897.00","Alessandro Nardecchia","Transfer to Alessandro Nardecchia","0EF7920C","Invoice : 11"
"9/17/2026","12:34:43","Debit","EUR","-2.60",,"Processing Fee","F5E38387","FATTURA nr. FPR 7/26 del 16/09/2026"
"9/17/2026","12:34:43","Debit","EUR","-3002.00","Melissa Spagnolo","Transfer to Melissa Spagnolo","F5E38387","FATTURA nr. FPR 7/26 del 16/09/2026"
"9/17/2026","11:17:09","Debit","EUR","-2.67",,"Receiving Fee","A83B830A","inv-277"
"9/17/2026","11:17:09","Credit","EUR","4027.50",,"Payment from NORDIVENTA OU to New AdRice Eur","A83B830A","inv-277"
"9/17/2026","08:40:27","Debit","EUR","-9.56",,"Receiving Fee","61FF3C6C","advance payment 2/4 invoice n INV-256 date 20/08/2026"
"9/17/2026","08:40:27","Credit","EUR","17810.00",,"Payment from Netmart LLC to New AdRice Eur","61FF3C6C","advance payment 2/4 invoice n INV-256 date 20/08/2026"
"9/17/2026","08:05:07","Debit","EUR","-6.95",,"Processing Fee","9AD4B7C2","Invoice No : 76"
"9/17/2026","08:05:07","Debit","EUR","-540.00","LivinAds INC","Transfer to LivinAds INC","9AD4B7C2","Invoice No : 76"
"9/17/2026","08:03:56","Debit","EUR","-2.60",,"Processing Fee","BA05DCAB","FATTURA nr. FPR 79/26 del 15/09/2026"
"9/17/2026","08:03:56","Debit","EUR","-1011.00","TC ADVERTISING SRLS","Transfer to TC ADVERTISING SRLS","BA05DCAB","FATTURA nr. FPR 79/26 del 15/09/2026"
"9/17/2026","08:02:55","Debit","EUR","-2.60",,"Processing Fee","F5A613F6","TD01 FATTURA - EE"
"9/17/2026","08:02:55","Debit","EUR","-3117.00","AFFINITO FABIO","Transfer to AFFINITO FABIO","F5A613F6","TD01 FATTURA - EE"
"9/16/2026","19:16:36","Debit","EUR","-6.95",,"Processing Fee","EF569FC8","last payment for personal expenses (owner drawings)"
"9/16/2026","19:16:36","Debit","EUR","-5700.00","Maximo Jesus Aguilar Cosentino","Transfer to Maximo Jesus Aguilar Cosentino","EF569FC8","last payment for personal expenses (owner drawings)"
"9/16/2026","11:57:12","Debit","EUR","-6.52",,"Receiving Fee","A1D2E9D6","inv 289, 290"
"9/16/2026","11:57:12","Credit","EUR","11732.50",,"Payment from NORDIVENTA OU to New AdRice Eur","A1D2E9D6","inv 289, 290"
"9/16/2026","10:10:58","Debit","EUR","-2.60",,"Processing Fee","3FB1461A","refund transaction A3E8C1D4 (the payer made an error to send this payment)"
"9/16/2026","10:10:58","Debit","EUR","-15000.00","Bizzer LLC","Transfer to Bizzer LLC","3FB1461A","refund transaction A3E8C1D4 (the payer made an error to send this payment)"
"9/16/2026","09:50:17","Debit","EUR","-2.60",,"Processing Fee","F20D8697","INVOICEN. 2012872695727"
"9/16/2026","09:50:17","Debit","EUR","-6277.00","WSCP LLC (fr_giro)","Transfer to WSCP LLC (fr_giro)","F20D8697","INVOICEN. 2012872695727"
"9/16/2026","09:47:15","Debit","EUR","-6.95",,"Processing Fee","DE8D2A40","8nd payment for personal expenses (owner drawings)"
"9/16/2026","09:47:15","Debit","EUR","-24500.00","Maximo Jesus Aguilar Cosentino","Transfer to Maximo Jesus Aguilar Cosentino","DE8D2A40","8nd payment for personal expenses (owner drawings)"
"9/15/2026","15:01:52","Debit","EUR","-6.95",,"Processing Fee","434756B0","marketing agencys"
"9/15/2026","15:01:52","Debit","EUR","-32.57",,"Fx Fee","434756B0","marketing agencys"
"9/15/2026","15:01:52","Debit","EUR","-12993.77","GLOBAL INTEGRATED MARKETING","Transfer to GLOBAL INTEGRATED MARKETING","434756B0","marketing agencys"
"9/15/2026","14:54:31","Debit","EUR","-2.60",,"Processing Fee","52870E40","INV2609265"
"9/15/2026","14:54:31","Debit","EUR","-795.00","CSW Scale OÜ (LT IBAN)","Transfer to CSW Scale OÜ (LT IBAN)","52870E40","INV2609265"
"9/15/2026","14:49:21","Debit","EUR","-2.60",,"Processing Fee","3EF3BE88","marketing services"
"9/15/2026","14:49:21","Debit","EUR","-119.42",,"Fx Fee","3EF3BE88","marketing services"
"9/15/2026","14:49:21","Debit","EUR","-47647.93","COD KINGDOM LLC SLASH","Transfer to COD KINGDOM LLC SLASH","3EF3BE88","marketing services"
"9/15/2026","14:40:34","Debit","EUR","-2.60",,"Processing Fee","9326CFEB","inv 359 del 14/09/2026"
"9/15/2026","14:40:34","Debit","EUR","-1069.00","Spoladori Davide","Transfer to Spoladori Davide","9326CFEB","inv 359 del 14/09/2026"
"9/15/2026","14:39:03","Debit","EUR","-2.60",,"Processing Fee","CFB5A0B2","Invoice no. 111/2026"
"9/15/2026","14:39:03","Debit","EUR","-600.00","FUTURADV S.R.L.S.","Transfer to FUTURADV S.R.L.S.","CFB5A0B2","Invoice no. 111/2026"
"9/15/2026","13:59:07","Debit","EUR","-6.95",,"Processing Fee","9A89B4B3","7nd payment for personal expenses (owner drawings)"
"9/15/2026","13:59:07","Debit","EUR","-26000.00","Maximo Jesus Aguilar Cosentino","Transfer to Maximo Jesus Aguilar Cosentino","9A89B4B3","7nd payment for personal expenses (owner drawings)"
"9/15/2026","09:45:42","Debit","EUR","-3.15",,"Receiving Fee","EC55C110","INV-264"
"9/15/2026","09:45:42","Credit","EUR","5000.00",,"Payment from Trendisupply Kft. to New AdRice Eur","EC55C110","INV-264"
"9/14/2026","14:57:19","Debit","EUR","-2.60",,"Processing Fee","67CDE260","Numero: 65"
"9/14/2026","14:57:19","Debit","EUR","-2000.00","DESIREE SERGI","Transfer to DESIREE SERGI","67CDE260","Numero: 65"
"9/14/2026","14:55:51","Debit","EUR","-2.60",,"Processing Fee","87615599","INVOICE no. 461/2026 of 2026-09-11"
"9/14/2026","14:55:51","Debit","EUR","-10692.00","ZARK S.R.L.","Transfer to ZARK S.R.L.","87615599","INVOICE no. 461/2026 of 2026-09-11"
"9/14/2026","14:53:24","Debit","EUR","-2.60",,"Processing Fee","0FE0A76F","nr. 13/2026 del 10/09/2026"
"9/14/2026","14:53:24","Debit","EUR","-1790.00","IMPRESA DIGITALE S.R.L.","Transfer to IMPRESA DIGITALE S.R.L.","0FE0A76F","nr. 13/2026 del 10/09/2026"
"9/14/2026","14:47:15","Debit","EUR","-2.60",,"Processing Fee","601C435D","inv 356 del 10/09/2026"
"9/14/2026","14:47:15","Debit","EUR","-1528.00","Spoladori Davide","Transfer to Spoladori Davide","601C435D","inv 356 del 10/09/2026"
"9/14/2026","14:43:12","Debit","EUR","-6.95",,"Processing Fee","38C8EDB0","Salary September 2026"
"9/14/2026","14:43:12","Debit","EUR","-2100.00","Maximo Jesus Aguilar Cosentino","Transfer to Maximo Jesus Aguilar Cosentino","38C8EDB0","Salary September 2026"
"9/14/2026","13:43:08","Debit","EUR","-2.60",,"Processing Fee","E2662204","Roberto Agency"
"9/14/2026","13:43:08","Debit","EUR","-10000.00","Bridge Building S.A.","Transfer to Bridge Building S.A.","E2662204","Roberto Agency"
"9/14/2026","13:18:05","Debit","EUR","-12.29",,"Receiving Fee","3EAC0ED7","INV-287, 288"
"9/14/2026","13:18:05","Credit","EUR","23270.00",,"Payment from NORDIVENTA OU to New AdRice Eur","3EAC0ED7","INV-287, 288"
"9/14/2026","12:52:25","Debit","EUR","-30.65",,"Receiving Fee","17873DCB","INV-264"
"9/14/2026","12:52:25","Credit","EUR","60000.00",,"Payment from Trendisupply Kft. to New AdRice Eur","17873DCB","INV-264"
"9/14/2026","11:31:23","Debit","EUR","-2.15",,"Receiving Fee","E18FB492","INV-241"
"9/14/2026","11:31:23","Credit","EUR","3000.00",,"Payment from Trendisupply Kft. to New AdRice Eur","E18FB492","INV-241"
"9/14/2026","10:19:02","Debit","EUR","-5.65",,"Receiving Fee","E4614394","2 adv payment invoice 245it"
"9/14/2026","10:19:02","Credit","EUR","10000.00",,"Payment from Wonderlabs Group LLC to New AdRice Eur","E4614394","2 adv payment invoice 245it"
"9/13/2026","15:38:02","Debit","EUR","-6.90",,"Processing Fee","9EC17992","6nd payment for personal expenses (owner drawings)"
"9/13/2026","15:38:02","Debit","EUR","-25000.00","Maximo Jesus Aguilar Cosentino","Transfer to Maximo Jesus Aguilar Cosentino","9EC17992","6nd payment for personal expenses (owner drawings)"
"9/12/2026","10:56:09","Debit","EUR","-13.63",,"Receiving Fee","595D3CBB","inv-286"
"9/12/2026","10:56:09","Credit","EUR","25957.50",,"Payment from NORDIVENTA OU to New AdRice Eur","595D3CBB","inv-286"
"9/11/2026","21:11:47","Debit","EUR","-2.60",,"Processing Fee","06AB104B","nr. FPR 78/26 del 10/09/2026"
"9/11/2026","21:11:47","Debit","EUR","-1075.00","TC ADVERTISING SRLS","Transfer to TC ADVERTISING SRLS","06AB104B","nr. FPR 78/26 del 10/09/2026"
"9/11/2026","20:17:43","Debit","EUR","-2.60",,"Processing Fee","4FB55F4E","5nd payment for personal expenses (owner drawings)"
"9/11/2026","20:17:43","Debit","EUR","-25000.00","MAXIMO JESUS (NOMO EUR)","Transfer to MAXIMO JESUS (NOMO EUR)","4FB55F4E","5nd payment for personal expenses (owner drawings)"
"9/11/2026","20:16:20","Debit","EUR","-2.60",,"Processing Fee","5EC27E06","Fattura del 7 Settembre 2026"
"9/11/2026","20:16:20","Debit","EUR","-34784.00","Leagix Sagl","Transfer to Leagix Sagl","5EC27E06","Fattura del 7 Settembre 2026"
"9/10/2026","21:41:06","Debit","EUR","-2.60",,"Processing Fee","CC9221AB","Invoice BF 0196"
"9/10/2026","21:41:06","Debit","EUR","-25389.00","BOOSTER28 ADS S.R.L.","Transfer to BOOSTER28 ADS S.R.L.","CC9221AB","Invoice BF 0196"
"9/10/2026","21:39:40","Debit","EUR","-2.60",,"Processing Fee","03E9AE4D","Invoice Number  243"
"9/10/2026","21:39:40","Debit","EUR","-6400.00","LEVANTIN SRL","Transfer to LEVANTIN SRL","03E9AE4D","Invoice Number  243"
"9/10/2026","21:38:08","Debit","EUR","-2.60",,"Processing Fee","3010CFF4","nr. FPR 36/26 del 09/09/2026"
"9/10/2026","21:38:08","Debit","EUR","-3501.00","ANTANA SRLS","Transfer to ANTANA SRLS","3010CFF4","nr. FPR 36/26 del 09/09/2026"
"9/10/2026","21:37:08","Debit","EUR","-2.60",,"Processing Fee","5BDE66E8","Invoice no. 109/2026"
"9/10/2026","21:37:08","Debit","EUR","-882.00","FUTURADV S.R.L.S.","Transfer to FUTURADV S.R.L.S.","5BDE66E8","Invoice no. 109/2026"
"9/10/2026","15:16:56","Debit","EUR","-2.60",,"Processing Fee","997EFB68","INV-45841"
"9/10/2026","15:16:56","Debit","EUR","-2600.00","RASHA M A ALTAHER","Transfer to RASHA M A ALTAHER","997EFB68","INV-45841"
"9/10/2026","15:14:34","Debit","EUR","-2.60",,"Processing Fee","C2BD7CE0","INV-45840"
"9/10/2026","15:14:34","Debit","EUR","-4.93",,"Fx Fee","C2BD7CE0","INV-45840"
"9/10/2026","15:14:34","Debit","EUR","-1401.55","RASHA M.A. ALTAHER","Transfer to RASHA M.A. ALTAHER","C2BD7CE0","INV-45840"
"9/10/2026","14:55:54","Debit","EUR","-42.68",,"Receiving Fee","7AA7188C","restituzione bonifico errato"
"9/10/2026","14:55:54","Credit","EUR","84046.00",,"Payment from ANNA BONADDIO to New AdRice Eur","7AA7188C","restituzione bonifico errato"
"9/10/2026","14:10:23","Debit","EUR","-2.60",,"Processing Fee","4A25FCF8","4rd payment for personal expenses (owner drawings)"
"9/10/2026","14:10:23","Debit","EUR","-25000.00","MAXIMO JESUS (NOMO EUR)","Transfer to MAXIMO JESUS (NOMO EUR)","4A25FCF8","4rd payment for personal expenses (owner drawings)"
"9/10/2026","13:51:33","Debit","EUR","-8.15",,"Receiving Fee","A3E8C1D4","1 adv payment invoice inv-245it"
"9/10/2026","13:51:33","Credit","EUR","15000.00",,"Payment from Bizzer LLC to New AdRice Eur","A3E8C1D4","1 adv payment invoice inv-245it"
"9/10/2026","13:50:34","Debit","EUR","-10.52",,"Receiving Fee","81A2871A","2/2 invoice 276"
"9/10/2026","13:50:34","Credit","EUR","19740.00",,"Payment from Wonderlabs Group LLC to New AdRice Eur","81A2871A","2/2 invoice 276"
"9/10/2026","00:45:44","Debit","EUR","-2.60",,"Processing Fee","7BFF5AD7","total payment for house (personal expenses). Pagamento rimanente per acquisto casa"
"9/10/2026","00:45:44","Debit","EUR","-84046.00","DI SANTO MANUEL, BONADDIO ANNA","Transfer to DI SANTO MANUEL, BONADDIO ANNA","7BFF5AD7","total payment for house (personal expenses). Pagamento rimanente per acquisto casa"
"9/9/2026","13:54:36","Debit","EUR","-4.53",,"Receiving Fee","4A1D4F06","INV-283, 284"
"9/9/2026","13:54:36","Credit","EUR","7743.50",,"Payment from NORDIVENTA OU to New AdRice Eur","4A1D4F06","INV-283, 284"
"9/9/2026","13:08:16","Debit","EUR","-8.15",,"Receiving Fee","E403ED1F","2 adv payment invoice 248"
"9/9/2026","13:08:16","Credit","EUR","15000.00",,"Payment from Bizzer LLC to New AdRice Eur","E403ED1F","2 adv payment invoice 248"
"9/8/2026","15:00:28","Debit","EUR","-2.60",,"Processing Fee","7F7EBE56","3rd payment for personal expenses (owner drawings)"
"9/8/2026","15:00:28","Debit","EUR","-25000.00","MAXIMO JESUS (NOMO EUR)","Transfer to MAXIMO JESUS (NOMO EUR)","7F7EBE56","3rd payment for personal expenses (owner drawings)"
"9/8/2026","14:52:16","Debit","EUR","-6.90",,"Processing Fee","0493CAA5","Invoice No : 75"
"9/8/2026","14:52:16","Debit","EUR","-2463.00","LivinAds INC","Transfer to LivinAds INC","0493CAA5","Invoice No : 75"
"9/8/2026","14:46:15","Debit","EUR","-2.60",,"Processing Fee","AF34E795","no. FPR 2/26 of 07/09/2026"
"9/8/2026","14:46:15","Debit","EUR","-4133.00","Ioana Claudia Olaru","Transfer to Ioana Claudia Olaru","AF34E795","no. FPR 2/26 of 07/09/2026"
"9/8/2026","14:42:56","Debit","EUR","-2.60",,"Processing Fee","9C042D21","Numero: 62"
"9/8/2026","14:42:56","Debit","EUR","-5814.00","DESIREE SERGI","Transfer to DESIREE SERGI","9C042D21","Numero: 62"
"9/8/2026","14:02:14","Debit","EUR","-6.90",,"Processing Fee","7B020735","marketing services"
"9/8/2026","14:02:14","Debit","EUR","-60.44",,"Fx Fee","7B020735","marketing services"
"9/8/2026","14:02:14","Debit","EUR","-17205.79","TECDO HONG KONG LIMITED","Transfer to TECDO HONG KONG LIMITED","7B020735","marketing services"
"9/8/2026","12:34:18","Debit","EUR","-16.19",,"Receiving Fee","DA5638CD","2/2 invoice 257"
"9/8/2026","12:34:18","Credit","EUR","31080.00",,"Payment from Bizzer LLC to New AdRice Eur","DA5638CD","2/2 invoice 257"
"9/8/2026","07:48:34","Debit","EUR","-9.56",,"Receiving Fee","6E1EE9D5","advance payment 1/4 invoice n INV-256 date 20/08/2026"
"9/8/2026","07:48:34","Credit","EUR","17810.00",,"Payment from Netmart LLC to New AdRice Eur","6E1EE9D5","advance payment 1/4 invoice n INV-256 date 20/08/2026"
"9/7/2026","23:00:57","Debit","EUR","-2.60",,"Processing Fee","573B9C11","Series BD Number 26004"
"9/7/2026","23:00:57","Debit","EUR","-6101.00","BAISANU DIGITAL S.R.L.","Transfer to BAISANU DIGITAL S.R.L.","573B9C11","Series BD Number 26004"
"9/7/2026","22:45:39","Debit","EUR","-2.60",,"Processing Fee","A257389F","2st payment for personal expenses (owner drawings)"
"9/7/2026","22:45:39","Debit","EUR","-25000.00","MAXIMO JESUS (NOMO EUR)","Transfer to MAXIMO JESUS (NOMO EUR)","A257389F","2st payment for personal expenses (owner drawings)"
"9/7/2026","16:38:43","Debit","EUR","-8.77",,"Receiving Fee","17B230BD","balance payment 4/4 invoice n INV-246 date 14/08/2026"
"9/7/2026","16:38:43","Credit","EUR","16240.00",,"Payment from Netmart LLC to New AdRice Eur","17B230BD","balance payment 4/4 invoice n INV-246 date 14/08/2026"
"9/7/2026","13:35:20","Debit","EUR","-4.39",,"Receiving Fee","04FEBC21","inv-281"
"9/7/2026","13:35:20","Credit","EUR","7470.50",,"Payment from NORDIVENTA OU to New AdRice Eur","04FEBC21","inv-281"
"9/7/2026","13:34:21","Debit","EUR","-7.11",,"Receiving Fee","2D5290A9","INV-282"
"9/7/2026","13:34:21","Credit","EUR","12913.00",,"Payment from NORDIVENTA OU to New AdRice Eur","2D5290A9","INV-282"
"9/7/2026","13:24:20","Debit","EUR","-2.60",,"Processing Fee","055E0519","N. 2012872695720"
"9/7/2026","13:24:20","Debit","EUR","-5536.00","WSCP LLC (fr_giro)","Transfer to WSCP LLC (fr_giro)","055E0519","N. 2012872695720"
"9/7/2026","13:02:05","Debit","EUR","-2.60",,"Processing Fee","D2B4D97A","FATTURA nr. 50/2026 del 31/08/2026"
"9/7/2026","13:02:05","Debit","EUR","-1867.00","Money From Digital di Simone Ingrosso","Transfer to Money From Digital di Simone Ingrosso","D2B4D97A","FATTURA nr. 50/2026 del 31/08/2026"
"9/7/2026","12:47:30","Debit","EUR","-2.60",,"Processing Fee","AF71B5FC","Fattura n. 9 del 01/09/2026"
"9/7/2026","12:47:30","Debit","EUR","-5735.00","PICCOLO STEFANO","Transfer to PICCOLO STEFANO","AF71B5FC","Fattura n. 9 del 01/09/2026"
"9/7/2026","12:44:51","Debit","EUR","-2.60",,"Processing Fee","602A93A0","Fattura n. 2 del 01/09/2026"
"9/7/2026","12:44:51","Debit","EUR","-1137.00","PICCOLO FORTUNATO","Transfer to PICCOLO FORTUNATO","602A93A0","Fattura n. 2 del 01/09/2026"
"9/7/2026","12:43:42","Debit","EUR","-2.60",,"Processing Fee","A7BB2C97","Fattura Numero: 6 01.09.2026"
"9/7/2026","12:43:42","Debit","EUR","-7368.00","PotiRiccardo","Transfer to PotiRiccardo","A7BB2C97","Fattura Numero: 6 01.09.2026"
"9/7/2026","12:29:11","Debit","EUR","-2.60",,"Processing Fee","D94E2901","Fattura n. 11 del 05/09/2026"
"9/7/2026","12:29:11","Debit","EUR","-2820.11","ESPOSITO ALESSIO","Transfer to ESPOSITO ALESSIO","D94E2901","Fattura n. 11 del 05/09/2026"
"9/7/2026","12:21:22","Debit","EUR","-2.60",,"Processing Fee","5295A7BB","Fattura n. 11 del 05/09/2026"
"9/7/2026","12:21:22","Debit","EUR","-2820.00","BELTRAN BELTRAN EVA MARINA","Transfer to BELTRAN BELTRAN EVA MARINA","5295A7BB","Fattura n. 11 del 05/09/2026"
"9/7/2026","12:19:56","Debit","EUR","-2.60",,"Processing Fee","413785DE","Fattura n. 19 del 03/09/2026"
"9/7/2026","12:19:56","Debit","EUR","-3137.00","ICARDI VERONICA","Transfer to ICARDI VERONICA","413785DE","Fattura n. 19 del 03/09/2026"
"9/7/2026","12:15:21","Debit","EUR","-2.60",,"Processing Fee","E3179E16","fattura n. 15/001 del 31/07/2026"
"9/7/2026","12:15:21","Debit","EUR","-1923.00","ZAMA DANUT VENIAMIN","Transfer to ZAMA DANUT VENIAMIN","E3179E16","fattura n. 15/001 del 31/07/2026"
"9/7/2026","11:56:14","Debit","EUR","-2.60",,"Processing Fee","1D8BAAEB","inv 351 del 06/09/2026"
"9/7/2026","11:56:14","Debit","EUR","-2699.00","Spoladori Davide","Transfer to Spoladori Davide","1D8BAAEB","inv 351 del 06/09/2026"
"9/7/2026","11:55:10","Debit","EUR","-2.60",,"Processing Fee","ECF56B6E","no. 14/2026 of 2026-09-05"
"9/7/2026","11:55:10","Debit","EUR","-1726.00","WEPROD S.R.L","Transfer to WEPROD S.R.L","ECF56B6E","no. 14/2026 of 2026-09-05"
"9/7/2026","11:54:03","Debit","EUR","-2.60",,"Processing Fee","4D5F543A","Invoice no. 107/2026"
"9/7/2026","11:54:03","Debit","EUR","-1890.10","FUTURADV S.R.L.S.","Transfer to FUTURADV S.R.L.S.","4D5F543A","Invoice no. 107/2026"
"9/7/2026","11:52:56","Debit","EUR","-2.60",,"Processing Fee","8E5F7AA0","FATTURA nr. FPR 74/26 del 04/09/2026"
"9/7/2026","11:52:56","Debit","EUR","-1057.00","TC ADVERTISING SRLS","Transfer to TC ADVERTISING SRLS","8E5F7AA0","FATTURA nr. FPR 74/26 del 04/09/2026"
"9/7/2026","11:51:43","Debit","EUR","-2.60",,"Processing Fee","54B31436","INV2609256"
"9/7/2026","11:51:43","Debit","EUR","-1042.00","CSW Scale OÜ (LT IBAN)","Transfer to CSW Scale OÜ (LT IBAN)","54B31436","INV2609256"
"9/7/2026","11:50:40","Debit","EUR","-2.60",,"Processing Fee","F37BA243","INVOICE no. 456/2026 of 2026-09-03"
"9/7/2026","11:50:40","Debit","EUR","-33908.00","ZARK S.R.L.","Transfer to ZARK S.R.L.","F37BA243","INVOICE no. 456/2026 of 2026-09-03"
"9/7/2026","11:49:15","Debit","EUR","-2.60",,"Processing Fee","598CDFD1","INVOICE no. 77/2026 of 2026-09-03"
"9/7/2026","11:49:15","Debit","EUR","-35765.00","MANY LEADS S.R.L.","Transfer to MANY LEADS S.R.L.","598CDFD1","INVOICE no. 77/2026 of 2026-09-03"
"9/7/2026","11:47:40","Debit","EUR","-6.90",,"Processing Fee","C8F191DE","inv 2026030901"
"9/7/2026","11:47:40","Debit","EUR","-12411.00","MG Media Tech LLC","Transfer to MG Media Tech LLC","C8F191DE","inv 2026030901"
"9/7/2026","11:30:19","Debit","EUR","-3.40",,"Receiving Fee","9F797FBF","invoice 267"
"9/7/2026","11:30:19","Credit","EUR","5500.00",,"Payment from Wonderlabs Group LLC to New AdRice Eur","9F797FBF","invoice 267"
"9/4/2026","13:40:52","Debit","EUR","-14.87",,"Receiving Fee","FBA803C7","1 adv invoice 248"
"9/4/2026","13:40:52","Credit","EUR","28440.00",,"Payment from Bizzer LLC to New AdRice Eur","FBA803C7","1 adv invoice 248"
"9/4/2026","12:05:30","Debit","EUR","-4.65",,"Receiving Fee","28CA3EAF","Inv-279"
"9/4/2026","12:05:30","Credit","EUR","7981.00",,"Payment from NORDIVENTA to New AdRice Eur","28CA3EAF","Inv-279"
"9/4/2026","12:04:30","Debit","EUR","-6.81",,"Receiving Fee","0B02C4A3","INV-280"
"9/4/2026","12:04:30","Credit","EUR","12311.50",,"Payment from NORDIVENTA OU to New AdRice Eur","0B02C4A3","INV-280"
"9/3/2026","15:06:10","Debit","EUR","-2.60",,"Processing Fee","83E8B565","inv 344 del 03/09/2026"
"9/3/2026","15:06:10","Debit","EUR","-2758.00","Spoladori Davide","Transfer to Spoladori Davide","83E8B565","inv 344 del 03/09/2026"
"9/3/2026","15:04:35","Debit","EUR","-2.60",,"Processing Fee","CC601464","Invoice no. 106/2026"
"9/3/2026","15:04:35","Debit","EUR","-1556.00","FUTURADV S.R.L.S.","Transfer to FUTURADV S.R.L.S.","CC601464","Invoice no. 106/2026"
"9/3/2026","15:01:58","Debit","EUR","-2.60",,"Processing Fee","0437FEEE","FPR 72/26 del 01/09/2026"
"9/3/2026","15:01:58","Debit","EUR","-1595.00","TC ADVERTISING SRLS","Transfer to TC ADVERTISING SRLS","0437FEEE","FPR 72/26 del 01/09/2026"
"9/3/2026","14:59:26","Debit","EUR","-2.60",,"Processing Fee","EB8A0BAE","FORMA no. 11/2026 of 2026-09-01"
"9/3/2026","14:59:26","Debit","EUR","-7657.00","IMPRESA DIGITALE S.R.L.","Transfer to IMPRESA DIGITALE S.R.L.","EB8A0BAE","FORMA no. 11/2026 of 2026-09-01"
"9/3/2026","13:19:14","Debit","EUR","-2.60",,"Processing Fee","F402CC1E","FT-2026 033"
"9/3/2026","13:19:14","Debit","EUR","-5000.00","Unbreakable Network Media  (Airwallex)","Transfer to Unbreakable Network Media  (Airwallex)","F402CC1E","FT-2026 033"
"9/3/2026","00:50:50","Debit","EUR","-2.60",,"Processing Fee","C346805F","INVOICE 3"
"9/3/2026","00:50:50","Debit","EUR","-1378.00","QUANTUM MEDIA STRATEGY LLC","Transfer to QUANTUM MEDIA STRATEGY LLC","C346805F","INVOICE 3"
"9/3/2026","00:49:40","Debit","EUR","-2.60",,"Processing Fee","B999535A","FATTURA  9"
"9/3/2026","00:49:40","Debit","EUR","-2000.00","MANUEL MARONGIU","Transfer to MANUEL MARONGIU","B999535A","FATTURA  9"
"9/3/2026","00:44:18","Debit","EUR","-2.60",,"Processing Fee","D918FE7B","FT-2026 035"
"9/3/2026","00:44:18","Debit","EUR","-45.47",,"Fx Fee","D918FE7B","FT-2026 035"
"9/3/2026","00:44:18","Debit","EUR","-12945.55","Unbreakable Network Media LLC (Wise)","Transfer to Unbreakable Network Media LLC (Wise)","D918FE7B","FT-2026 035"
"9/3/2026","00:43:25","Debit","EUR","-2.60",,"Processing Fee","5E09C4FD","FT-2026 034"
"9/3/2026","00:43:25","Debit","EUR","-75.78",,"Fx Fee","5E09C4FD","FT-2026 034"
"9/3/2026","00:43:25","Debit","EUR","-21574.05","Unbreakable Network Media LLC (mercury)","Transfer to Unbreakable Network Media LLC (mercury)","5E09C4FD","FT-2026 034"
"9/2/2026","14:47:57","Debit","EUR","-16.19",,"Receiving Fee","D4B86F17","1-2 invoice inv.257"
"9/2/2026","14:47:57","Credit","EUR","31080.00",,"Payment from Bizzer LLC to New AdRice Eur","D4B86F17","1-2 invoice inv.257"
"9/2/2026","12:10:35","Debit","EUR","-10.52",,"Receiving Fee","D15FBB27","1/2 invoice 276"
"9/2/2026","12:10:35","Credit","EUR","19740.00",,"Payment from Wonderlabs Group LLC to New AdRice Eur","D15FBB27","1/2 invoice 276"
"9/2/2026","12:05:35","Debit","EUR","-13.15",,"Receiving Fee","DA4D932F","invoice 270it"
"9/2/2026","12:05:35","Credit","EUR","25000.00",,"Payment from Bizzer LLC to New AdRice Eur","DA4D932F","invoice 270it"
"9/2/2026","11:29:55","Debit","EUR","-4.63",,"Receiving Fee","C551521C","INV-278"
"9/2/2026","11:29:55","Credit","EUR","7954.00",,"Payment from NORDIVENTA OU to New AdRice Eur","C551521C","INV-278"
"9/2/2026","08:29:26","Debit","EUR","-8.77",,"Receiving Fee","CA809FCB","advance payment 3/4 invoice n INV-246 date 14/08/2026"
"9/2/2026","08:29:26","Credit","EUR","16240.00",,"Payment from Netmart LLC to New AdRice Eur","CA809FCB","advance payment 3/4 invoice n INV-246 date 14/08/2026"
"9/1/2026","14:28:01","Debit","EUR","-2.60",,"Processing Fee","D997DFF4","Invoice 00000175"
"9/1/2026","14:28:01","Debit","EUR","-1184.00","Daddys Line LLC (new iban GB)","Transfer to Daddys Line LLC (new iban GB)","D997DFF4","Invoice 00000175"
"9/1/2026","14:10:51","Debit","EUR","-2.60",,"Processing Fee","F543ED90","Invoice 00000174"
"9/1/2026","14:10:51","Debit","EUR","-28000.00","Daddys Line LLC (new iban GB)","Transfer to Daddys Line LLC (new iban GB)","F543ED90","Invoice 00000174"
"9/1/2026","14:06:34","Debit","EUR","-2.60",,"Processing Fee","853F29CE","1st payment for personal expenses (owner drawings)"
"9/1/2026","14:06:34","Debit","EUR","-25000.00","MAXIMO JESUS (NOMO EUR)","Transfer to MAXIMO JESUS (NOMO EUR)","853F29CE","1st payment for personal expenses (owner drawings)"
"9/1/2026","13:41:22","Debit","EUR","-9.32",,"Receiving Fee","C0423027","invoice 275"
"9/1/2026","13:41:22","Credit","EUR","17340.00",,"Payment from Wonderlabs Group LLC to New AdRice Eur","C0423027","invoice 275"
"9/1/2026","13:04:41","Debit","EUR","-15.65",,"Receiving Fee","5F08C80E","invoice inv-232it"
"9/1/2026","13:04:41","Credit","EUR","30000.00",,"Payment from Bizzer LLC to New AdRice Eur","5F08C80E","invoice inv-232it"
"9/1/2026","09:40:36","Debit","EUR","-6.95",,"Processing Fee","4F07E67B","Date: 01/09/2026 Invoice Number: 23"
"9/1/2026","09:40:36","Debit","EUR","-10000.00","Rozi Consulting","Transfer to Rozi Consulting","4F07E67B","Date: 01/09/2026 Invoice Number: 23"
"9/1/2026","07:54:17","Debit","EUR","-2.60",,"Processing Fee","7D704131","Numero: 00000000032 (2nd payment and the final)"
"9/1/2026","07:54:17","Debit","EUR","-149.93",,"Fx Fee","7D704131","Numero: 00000000032 (2nd payment and the final)"
"9/1/2026","07:54:17","Debit","EUR","-42687.14","ROMEO 2022 LLC","Transfer to ROMEO 2022 LLC","7D704131","Numero: 00000000032 (2nd payment and the final)"
"9/1/2026","07:26:33","Debit","EUR","-2.60",,"Processing Fee","9FAC8E65","Invoice no. / Faktura nr FV/1/08/2026"
"9/1/2026","07:26:33","Debit","EUR","-3000.00","AdCore Mariusz Siwiec","Transfer to AdCore Mariusz Siwiec","9FAC8E65","Invoice no. / Faktura nr FV/1/08/2026"
"9/1/2026","07:24:06","Debit","EUR","-2.60",,"Processing Fee","CC296637","inv 340 del 01/09/2026"
"9/1/2026","07:24:06","Debit","EUR","-3301.00","Spoladori Davide","Transfer to Spoladori Davide","CC296637","inv 340 del 01/09/2026"
"9/1/2026","07:22:46","Debit","EUR","-2.60",,"Processing Fee","AD5F7611","FATTURA nr. FPR 39/26 del 01/09/2026"
"9/1/2026","07:22:46","Debit","EUR","-3934.00","NCM srls","Transfer to NCM srls","AD5F7611","FATTURA nr. FPR 39/26 del 01/09/2026"
"9/1/2026","07:18:33","Debit","EUR","-2.60",,"Processing Fee","06249AEA","N Factura 25/2026"
"9/1/2026","07:18:33","Debit","EUR","-371.00","Alya Adv SL","Transfer to Alya Adv SL","06249AEA","N Factura 25/2026"
"9/1/2026","07:17:06","Debit","EUR","-2.60",,"Processing Fee","E82921CE","INVOICEN. 2012872695714"
"9/1/2026","07:17:06","Debit","EUR","-2609.00","WSCP LLC (fr_giro)","Transfer to WSCP LLC (fr_giro)","E82921CE","INVOICEN. 2012872695714"
"9/1/2026","07:16:04","Debit","EUR","-6.95",,"Processing Fee","E4E966EC","INVOICE  2026/08-31/02"
"9/1/2026","07:16:04","Debit","EUR","-224.00","Shubham Khatwani","Transfer to Shubham Khatwani","E4E966EC","INVOICE  2026/08-31/02"
"9/1/2026","07:14:40","Debit","EUR","-2.60",,"Processing Fee","D137AFC5","INVOICE no. 453/2026 of 2026-08-28"
"9/1/2026","07:14:40","Debit","EUR","-8637.00","ZARK S.R.L.","Transfer to ZARK S.R.L.","D137AFC5","INVOICE no. 453/2026 of 2026-08-28"
"9/1/2026","07:13:06","Debit","EUR","-2.60",,"Processing Fee","4C20561D","Invoice no: 136"
"9/1/2026","07:13:06","Debit","EUR","-4800.00","Lead Busters LLC","Transfer to Lead Busters LLC","4C20561D","Invoice no: 136"
"9/1/2026","07:11:38","Debit","EUR","-2.60",,"Processing Fee","FF4209E7","FATTURA nr. FPR 71/26 del 28/08/2026"
"9/1/2026","07:11:38","Debit","EUR","-1097.00","TC ADVERTISING SRLS","Transfer to TC ADVERTISING SRLS","FF4209E7","FATTURA nr. FPR 71/26 del 28/08/2026"
"9/1/2026","07:10:04","Debit","EUR","-2.60",,"Processing Fee","C54D854B","Invoice no. 103/2026"
"9/1/2026","07:10:04","Debit","EUR","-1185.00","FUTURADV S.R.L.S.","Transfer to FUTURADV S.R.L.S.","C54D854B","Invoice no. 103/2026"
"9/1/2026","04:14:49","Debit","EUR","-15.65",,"Receiving Fee","A9F3A480","invoice inv-231it"
"9/1/2026","04:14:49","Credit","EUR","30000.00",,"Payment from Bizzer LLC to New AdRice Eur","A9F3A480","invoice inv-231it"
"8/31/2026","17:49:36","Debit","EUR","-5.83",,"Receiving Fee","3019D61A","invoice 271"
"8/31/2026","17:49:36","Credit","EUR","10360.00",,"Payment from Wonderlabs Group LLC to New AdRice Eur","3019D61A","invoice 271"
"8/31/2026","15:54:14","Debit","EUR","-3.80",,"Receiving Fee","E29E2705","inv-273"
"8/31/2026","15:54:14","Credit","EUR","6295.00",,"Payment from NORDIVENTA OU to New AdRice Eur","E29E2705","inv-273"
"8/31/2026","15:52:14","Debit","EUR","-7.55",,"Receiving Fee","477C15C2","INV-274"
"8/31/2026","15:52:14","Credit","EUR","13781.00",,"Payment from NORDIVENTA OU to New AdRice Eur","477C15C2","INV-274"
"8/31/2026","03:10:37","Debit","EUR","-81.90",,"Receiving Fee","2D5EB2D3","internal funds transfer 260831045121"
"8/31/2026","03:10:37","Credit","EUR","149885.00",,"Payment from ADRICE L.L.C-FZ to Multi Currency Account-EUR","2D5EB2D3","internal funds transfer 260831045121"
"8/28/2026","18:08:49","Debit","EUR","-14.84",,"Receiving Fee","6BE98E81","INV-268, 269"
"8/28/2026","18:08:49","Credit","EUR","28372.50",,"Payment from NORDIVENTA OU to New AdRice Eur","6BE98E81","INV-268, 269"
"8/28/2026","14:02:57","Debit","EUR","-2.60",,"Processing Fee","6C237130","invoice Numero: 00000000032  (1st payment)"
"8/28/2026","14:02:57","Debit","EUR","-75.49",,"Fx Fee","6C237130","invoice Numero: 00000000032  (1st payment)"
"8/28/2026","14:02:57","Debit","EUR","-21490.59","ROMEO 2022 LLC","Transfer to ROMEO 2022 LLC","6C237130","invoice Numero: 00000000032  (1st payment)"
"8/28/2026","12:55:31","Debit","EUR","-2.60",,"Processing Fee","50138F75","INVOICEN. 2012872695711"
"8/28/2026","12:55:31","Debit","EUR","-2923.00","WSCP LLC (fr_giro)","Transfer to WSCP LLC (fr_giro)","50138F75","INVOICEN. 2012872695711"
"8/28/2026","12:54:30","Debit","EUR","-2.60",,"Processing Fee","9FFA6EFF","inv nr. 333 del 27/08/2026"
"8/28/2026","12:54:30","Debit","EUR","-2383.00","Spoladori Davide","Transfer to Spoladori Davide","9FFA6EFF","inv nr. 333 del 27/08/2026"
"8/28/2026","12:53:26","Debit","EUR","-2.60",,"Processing Fee","92C75DFE","Fattura n. 89 del 26/08/2026"
"8/28/2026","12:53:26","Debit","EUR","-16689.00","LEADCOB S.R.L.","Transfer to LEADCOB S.R.L.","92C75DFE","Fattura n. 89 del 26/08/2026"
"8/28/2026","12:50:49","Debit","EUR","-2.60",,"Processing Fee","B2E4203A","Numero fattura 5082026"
"8/28/2026","12:50:49","Debit","EUR","-14500.00","MINDSETTING 4.0 GMBH","Transfer to MINDSETTING 4.0 GMBH","B2E4203A","Numero fattura 5082026"
"8/28/2026","12:48:24","Debit","EUR","-2.60",,"Processing Fee","90700A31","marketing services for ads"
"8/28/2026","12:48:24","Debit","EUR","-6.04",,"Fx Fee","90700A31","marketing services for ads"
"8/28/2026","12:48:24","Debit","EUR","-1717.92","Cosmic Surplus Trading Co., Limited","Transfer to Cosmic Surplus Trading Co., Limited","90700A31","marketing services for ads"
"8/28/2026","12:45:27","Debit","EUR","-6.85",,"Processing Fee","A3D447EE","marketing services agency"
"8/28/2026","12:45:27","Debit","EUR","-60.34",,"Fx Fee","A3D447EE","marketing services agency"
"8/28/2026","12:45:27","Debit","EUR","-17179.18","TECDO HONG KONG LIMITED","Transfer to TECDO HONG KONG LIMITED","A3D447EE","marketing services agency"
"8/28/2026","12:43:03","Debit","EUR","-6.85",,"Processing Fee","3A478C4E","5649292665 invoice (2st payment)"
"8/28/2026","12:43:03","Debit","EUR","-130.32",,"Fx Fee","3A478C4E","5649292665 invoice (2st payment)"
"8/28/2026","12:43:03","Debit","EUR","-37102.24","Google Asia Pacific Pte. Ltd.","Transfer to Google Asia Pacific Pte. Ltd.","3A478C4E","5649292665 invoice (2st payment)"
"8/28/2026","08:36:38","Debit","EUR","-8.77",,"Receiving Fee","0E89B11F","advance payment 2/4 invoice n INV-246 date 14/08/2026"
"8/28/2026","08:36:38","Credit","EUR","16240.00",,"Payment from Netmart LLC to New AdRice Eur","0E89B11F","advance payment 2/4 invoice n INV-246 date 14/08/2026"
"8/27/2026","07:39:43","Debit","EUR","-2.60",,"Processing Fee","6D511F28","INV2608246"
"8/27/2026","07:39:43","Debit","EUR","-1219.00","CSW Scale OÜ (LT IBAN)","Transfer to CSW Scale OÜ (LT IBAN)","6D511F28","INV2608246"
"8/27/2026","07:37:26","Debit","EUR","-2.60",,"Processing Fee","5F80B870","Invoice no. 102/2026"
"8/27/2026","07:37:26","Debit","EUR","-1057.00","FUTURADV S.R.L.S.","Transfer to FUTURADV S.R.L.S.","5F80B870","Invoice no. 102/2026"
"8/27/2026","07:36:19","Debit","EUR","-6.85",,"Processing Fee","05619FE1","2026/08-24/01"
"8/27/2026","07:36:19","Debit","EUR","-272.00","Shubham Khatwani","Transfer to Shubham Khatwani","05619FE1","2026/08-24/01"
"8/27/2026","07:06:27","Debit","EUR","-6.85",,"Processing Fee","C03D9BDB","5649292665 invoice (1st payment)"
"8/27/2026","07:06:27","Debit","EUR","-165.76",,"Fx Fee","C03D9BDB","5649292665 invoice (1st payment)"
"8/27/2026","07:06:27","Debit","EUR","-47194.10","Google Asia Pacific Pte. Ltd.","Transfer to Google Asia Pacific Pte. Ltd.","C03D9BDB","5649292665 invoice (1st payment)"
"8/26/2026","14:13:20","Debit","EUR","-6.85",,"Processing Fee","03D53608","internal funds transfer"
"8/26/2026","14:13:20","Debit","EUR","-1000.00","AdRice L.L.C-FZ (Wio EUR)","Transfer to AdRice L.L.C-FZ (Wio EUR)","03D53608","internal funds transfer"
"8/26/2026","14:00:25","Debit","EUR","-2.60",,"Processing Fee","ECEA7816","marketing service"
"8/26/2026","14:00:25","Debit","EUR","-6.03",,"Fx Fee","ECEA7816","marketing service"
"8/26/2026","14:00:25","Debit","EUR","-1716.30","VICTORY MEDIA GROUP LIMITED","Transfer to VICTORY MEDIA GROUP LIMITED","ECEA7816","marketing service"
"8/26/2026","13:05:23","Debit","EUR","-4.23",,"Receiving Fee","D14A1604","INV-265, 266"
"8/26/2026","13:05:23","Credit","EUR","7154.50",,"Payment from NORDIVENTA OU to New AdRice Eur","D14A1604","INV-265, 266"
"8/26/2026","07:50:37","Debit","EUR","-2.90",,"Receiving Fee","B5461543","invoice inv-263"
"8/26/2026","07:50:37","Credit","EUR","4500.00",,"Payment from Wonderlabs Group LLC to New AdRice Eur","B5461543","invoice inv-263"
"8/25/2026","19:40:36","Debit","EUR","-2.60",,"Processing Fee","C662364A","inv 328 del 24/08/2026"
"8/25/2026","19:40:36","Debit","EUR","-2133.00","Spoladori Davide (new Iban HYPE)","Transfer to Spoladori Davide (new Iban HYPE)","C662364A","inv 328 del 24/08/2026"
"8/25/2026","19:39:05","Debit","EUR","-2.60",,"Processing Fee","381D7255","N. 2012872695707"
"8/25/2026","19:39:05","Debit","EUR","-3197.00","WSCP LLC (fr_giro)","Transfer to WSCP LLC (fr_giro)","381D7255","N. 2012872695707"
"8/25/2026","14:54:36","Debit","EUR","-15.65",,"Receiving Fee","EA256F07","6 adv payment invoice inv-235"
"8/25/2026","14:54:36","Credit","EUR","30000.00",,"Payment from Bizzer LLC to New AdRice Eur","EA256F07","6 adv payment invoice inv-235"
"8/25/2026","13:43:01","Debit","EUR","-2.60",,"Processing Fee","D626E7AD","Invoice number INV-008 (2nd payment)"
"8/25/2026","13:43:01","Debit","EUR","-22746.88","MINTED GROUP LIMITED","Transfer to MINTED GROUP LIMITED","D626E7AD","Invoice number INV-008 (2nd payment)"
"8/25/2026","08:16:19","Debit","EUR","-2.60",,"Processing Fee","260A813D","refund ra-626 (the payer made a mistake to send this payment)"
"8/25/2026","08:16:19","Debit","EUR","-5132.00","NORDIVENTA OÜ","Transfer to NORDIVENTA OÜ","260A813D","refund ra-626 (the payer made a mistake to send this payment)"
"8/24/2026","15:26:54","Debit","EUR","-2.60",,"Processing Fee","44DE105B","INV-008"
"8/24/2026","15:26:54","Debit","EUR","-45000.00","MINTED GROUP LIMITED","Transfer to MINTED GROUP LIMITED","44DE105B","INV-008"
"8/24/2026","14:36:14","Debit","EUR","-2.60",,"Processing Fee","B3E54D81","Invoice No. 0279"
"8/24/2026","14:36:14","Debit","EUR","-165.51",,"Fx Fee","B3E54D81","Invoice No. 0279"
"8/24/2026","14:36:14","Debit","EUR","-47121.32","COD KINGDOM LLC SLASH","Transfer to COD KINGDOM LLC SLASH","B3E54D81","Invoice No. 0279"
"8/24/2026","13:30:05","Debit","EUR","-10.68",,"Receiving Fee","8ACE50EB","invoice 261, 262"
"8/24/2026","13:30:05","Credit","EUR","20051.50",,"Payment from NORDIVENTA OU to New AdRice Eur","8ACE50EB","invoice 261, 262"
"8/24/2026","13:27:12","Debit","EUR","-2.60",,"Processing Fee","8452532A","invoice 4594"
"8/24/2026","13:27:12","Debit","EUR","-1398.00","Traffic Manager Group S.R.L.","Transfer to Traffic Manager Group S.R.L.","8452532A","invoice 4594"
"8/24/2026","11:28:30","Debit","EUR","-2.60",,"Processing Fee","6A27321A","inv 237"
"8/24/2026","11:28:30","Debit","EUR","-4700.00","LEVANTIN SRL","Transfer to LEVANTIN SRL","6A27321A","inv 237"
"8/24/2026","11:27:15","Debit","EUR","-2.60",,"Processing Fee","DCB63FCA","Fattura n. 87 del 21/08/2026"
"8/24/2026","11:27:15","Debit","EUR","-22890.00","LEADCOB S.R.L.","Transfer to LEADCOB S.R.L.","DCB63FCA","Fattura n. 87 del 21/08/2026"
"8/24/2026","11:25:59","Debit","EUR","-2.60",,"Processing Fee","A120AD52","no. 11/2026 of 2026-08-20"
"8/24/2026","11:25:59","Debit","EUR","-9327.00","WEPROD S.R.L","Transfer to WEPROD S.R.L","A120AD52","no. 11/2026 of 2026-08-20"
"8/24/2026","03:32:41","Debit","EUR","-5.42",,"Receiving Fee","752F3BE5","balance payment 8/8 invoice n INV-228 date 03/08/2026"
"8/24/2026","03:32:41","Credit","EUR","9540.00",,"Payment from Netmart to New AdRice Eur","752F3BE5","balance payment 8/8 invoice n INV-228 date 03/08/2026"
"8/24/2026","01:06:38","Debit","EUR","-56.91",,"Receiving Fee","213F5616","internal funds transfer 260824019432"
"8/24/2026","01:06:38","Credit","EUR","99915.00",,"Payment from ADRICE L.L.C-FZ to Multi Currency Account-EUR","213F5616","internal funds transfer 260824019432"
"8/22/2026","15:15:47","Debit","EUR","-2.60",,"Processing Fee","92BF166C","nr. FPR 68/26 del 20/08/2026"
"8/22/2026","15:15:47","Debit","EUR","-1172.00","TC ADVERTISING SRLS","Transfer to TC ADVERTISING SRLS","92BF166C","nr. FPR 68/26 del 20/08/2026"
"8/22/2026","15:14:51","Debit","EUR","-2.60",,"Processing Fee","7F082C75","N. 2012872695706"
"8/22/2026","15:14:51","Debit","EUR","-4444.00","WSCP LLC (fr_giro)","Transfer to WSCP LLC (fr_giro)","7F082C75","N. 2012872695706"
"8/22/2026","09:51:31","Debit","EUR","-3.22",,"Receiving Fee","17E0A017","Invoice ra-626"
"8/22/2026","09:51:31","Credit","EUR","5135.50",,"Payment from NORDIVENTA to New AdRice Eur","17E0A017","Invoice ra-626"
"8/22/2026","07:41:10","Debit","EUR","-8.77",,"Receiving Fee","9B5B3FC9","advance payment 1/4 invoice n INV-246 date 14/08/2026"
"8/22/2026","07:41:10","Credit","EUR","16240.00",,"Payment from Netmart LLC to New AdRice Eur","9B5B3FC9","advance payment 1/4 invoice n INV-246 date 14/08/2026"
"8/21/2026","12:54:03","Debit","EUR","-7.08",,"Receiving Fee","5A986BA2","Inv-259"
"8/21/2026","12:54:03","Credit","EUR","12849.50",,"Payment from NORDIVENTA to New AdRice Eur","5A986BA2","Inv-259"
"8/21/2026","12:53:03","Debit","EUR","-13.36",,"Receiving Fee","72DF81E2","INV-260"
"8/21/2026","12:53:03","Credit","EUR","25408.00",,"Payment from NORDIVENTA OU to New AdRice Eur","72DF81E2","INV-260"
"8/21/2026","11:43:42","Debit","EUR","-13.15",,"Receiving Fee","3E7288D7","payment invoice inv-218it"
"8/21/2026","11:43:42","Credit","EUR","25000.00",,"Payment from Bizzer LLC to New AdRice Eur","3E7288D7","payment invoice inv-218it"
"8/21/2026","08:32:20","Debit","EUR","-2.60",,"Processing Fee","9BC3E36F","N Factura 23/2026"
"8/21/2026","08:32:20","Debit","EUR","-1495.00","Alya Adv SL","Transfer to Alya Adv SL","9BC3E36F","N Factura 23/2026"
"8/21/2026","08:30:54","Debit","EUR","-2.60",,"Processing Fee","14E3234A","INVOICE no. 449/2026 of 2026-08-20"
"8/21/2026","08:30:54","Debit","EUR","-5050.00","ZARK S.R.L.","Transfer to ZARK S.R.L.","14E3234A","INVOICE no. 449/2026 of 2026-08-20"
"8/21/2026","08:29:45","Debit","EUR","-2.60",,"Processing Fee","17451CD8","inv . 320 del 20/08/2026"
"8/21/2026","08:29:45","Debit","EUR","-1055.00","Spoladori Davide","Transfer to Spoladori Davide","17451CD8","inv . 320 del 20/08/2026"
"8/21/2026","08:28:38","Debit","EUR","-2.60",,"Processing Fee","C88857ED","INV2608239"
"8/21/2026","08:28:38","Debit","EUR","-778.00","CSW Scale OÜ (LT IBAN)","Transfer to CSW Scale OÜ (LT IBAN)","C88857ED","INV2608239"
"8/21/2026","08:21:38","Debit","EUR","-6.95",,"Processing Fee","4C71DB32","Invoice No - 00128960"
"8/21/2026","08:21:38","Debit","EUR","-4347.07","VIRTUZONE UAE FZ LLC (EURO)","Transfer to VIRTUZONE UAE FZ LLC (EURO)","4C71DB32","Invoice No - 00128960"
"8/20/2026","17:47:35","Debit","EUR","-5.42",,"Receiving Fee","5743341F","advance payment 7/8 invoice n INV-228 date 03/08/2026"
"8/20/2026","17:47:35","Credit","EUR","9540.00",,"Payment from Netmart to New AdRice Eur","5743341F","advance payment 7/8 invoice n INV-228 date 03/08/2026"
"8/20/2026","16:40:34","Debit","EUR","-8.89",,"Receiving Fee","BB3C387C","balance payment 5/5 invoice n INV-236 date 08/08/2026"
"8/20/2026","16:40:34","Credit","EUR","16472.00",,"Payment from Netmart LLC to New AdRice Eur","BB3C387C","balance payment 5/5 invoice n INV-236 date 08/08/2026"
"8/20/2026","10:57:07","Debit","EUR","-8.28",,"Receiving Fee","A220D90E","invoice 242-247-258"
"8/20/2026","10:57:07","Credit","EUR","15260.00",,"Payment from Wonderlabs Group LLC to New AdRice Eur","A220D90E","invoice 242-247-258"
"8/20/2026","09:31:11","Debit","EUR","-8.10",,"Receiving Fee","0E700A82","INV-253, 254"
"8/20/2026","09:31:11","Credit","EUR","14897.50",,"Payment from NORDIVENTA OU to New AdRice Eur","0E700A82","INV-253, 254"
"8/20/2026","08:16:56","Debit","EUR","-2.60",,"Processing Fee","A9EFC335","INVOICE no. 71/2026 of 2026-08-18"
"8/20/2026","08:16:56","Debit","EUR","-52767.00","MANY LEADS S.R.L.","Transfer to MANY LEADS S.R.L.","A9EFC335","INVOICE no. 71/2026 of 2026-08-18"
"8/20/2026","08:15:33","Debit","EUR","-2.60",,"Processing Fee","51043777","FATTURA nr. 204/2026 del 19/08/2026"
"8/20/2026","08:15:33","Debit","EUR","-198.00","G.A.M.A. SRLS","Transfer to G.A.M.A. SRLS","51043777","FATTURA nr. 204/2026 del 19/08/2026"
"8/19/2026","09:58:41","Debit","EUR","-5.42",,"Receiving Fee","D9ADEBBF","advance payment 6/8 invoice n INV-228 date 03/08/2026"
"8/19/2026","09:58:41","Credit","EUR","9540.00",,"Payment from Netmart to New AdRice Eur","D9ADEBBF","advance payment 6/8 invoice n INV-228 date 03/08/2026"
"8/19/2026","09:53:41","Debit","EUR","-8.89",,"Receiving Fee","59BB4965","advance payment 4/5 invoice n INV-236 date 08/08/2026"
"8/19/2026","09:53:41","Credit","EUR","16472.00",,"Payment from Netmart LLC to New AdRice Eur","59BB4965","advance payment 4/5 invoice n INV-236 date 08/08/2026"
"8/19/2026","09:40:01","Debit","EUR","-10.65",,"Receiving Fee","99ECFAF8","5 adv payment invoice 235"
"8/19/2026","09:40:01","Credit","EUR","20000.00",,"Payment from Bizzer LLC to New AdRice Eur","99ECFAF8","5 adv payment invoice 235"
"8/19/2026","09:24:16","Debit","EUR","-2.60",,"Processing Fee","FA596F09","Fattura 38/2026 18/08/2026"
"8/19/2026","09:24:16","Debit","EUR","-246.00","ZONE di Sebastiano Bazzanella","Transfer to ZONE di Sebastiano Bazzanella","FA596F09","Fattura 38/2026 18/08/2026"
"8/19/2026","09:23:01","Debit","EUR","-2.60",,"Processing Fee","9EBD2A1D","nr. FPR 30/26 del 18/08/2026"
"8/19/2026","09:23:01","Debit","EUR","-4186.00","ANTANA SRLS","Transfer to ANTANA SRLS","9EBD2A1D","nr. FPR 30/26 del 18/08/2026"
"8/19/2026","09:21:51","Debit","EUR","-2.60",,"Processing Fee","0CB3E2F5","Invoice no. 100/2026"
"8/19/2026","09:21:51","Debit","EUR","-1089.00","FUTURADV S.R.L.S.","Transfer to FUTURADV S.R.L.S.","0CB3E2F5","Invoice no. 100/2026"
"8/19/2026","09:20:02","Debit","EUR","-2.60",,"Processing Fee","340C1B1D","Fattura n. 84 del 17/08/2026"
"8/19/2026","09:20:02","Debit","EUR","-27392.00","LEADCOB S.R.L.","Transfer to LEADCOB S.R.L.","340C1B1D","Fattura n. 84 del 17/08/2026"
"8/19/2026","09:18:20","Debit","EUR","-2.60",,"Processing Fee","463737D8","316 del 17/08/2026"
"8/19/2026","09:18:20","Debit","EUR","-1274.00","Spoladori Davide","Transfer to Spoladori Davide","463737D8","316 del 17/08/2026"
"8/19/2026","07:03:38","Debit","EUR","-8.05",,"Receiving Fee","24F3B693","Inv-252"
"8/19/2026","07:03:38","Credit","EUR","14798.50",,"Payment from NORDIVENTA to New AdRice Eur","24F3B693","Inv-252"
"8/18/2026","13:02:55","Debit","EUR","-8.15",,"Receiving Fee","5B7E7688","4 ADV PAYMENT INVOICE INV-235"
"8/18/2026","13:02:55","Credit","EUR","15000.00",,"Payment from Bizzer LLC to New AdRice Eur","5B7E7688","4 ADV PAYMENT INVOICE INV-235"
"8/18/2026","07:14:48","Debit","EUR","-5.42",,"Receiving Fee","99686EE5","advance payment 5/8 invoice n INV-228 date 03/08/2026"
"8/18/2026","07:14:48","Credit","EUR","9540.00",,"Payment from Netmart to New AdRice Eur","99686EE5","advance payment 5/8 invoice n INV-228 date 03/08/2026"
"8/18/2026","07:08:28","Debit","EUR","-8.89",,"Receiving Fee","08E25B71","advance payment 3/5 invoice n INV-236 date 08/08/2026"
"8/18/2026","07:08:28","Credit","EUR","16472.00",,"Payment from Netmart LLC to New AdRice Eur","08E25B71","advance payment 3/5 invoice n INV-236 date 08/08/2026"
"8/18/2026","07:05:29","Debit","EUR","-9.32",,"Receiving Fee","7E85190C","advance payment 2/4 invoice n 175 date 30/06/2026"
"8/18/2026","07:05:29","Credit","EUR","17335.00",,"Payment from Netmart LLC to New AdRice Eur","7E85190C","advance payment 2/4 invoice n 175 date 30/06/2026"
"8/17/2026","16:26:08","Debit","EUR","-2.60",,"Processing Fee","1C45D848","nr. FPR 6/26 del 17/08/2026"
"8/17/2026","16:26:08","Debit","EUR","-3000.00","Melissa Spagnolo","Transfer to Melissa Spagnolo","1C45D848","nr. FPR 6/26 del 17/08/2026"
"8/17/2026","16:20:21","Debit","EUR","-6.95",,"Processing Fee","9341A378","marketing service"
"8/17/2026","16:20:21","Debit","EUR","-30.31",,"Fx Fee","9341A378","marketing service"
"8/17/2026","16:20:21","Debit","EUR","-8628.88","VIDAU TECHNOLOGY LIMITED","Transfer to VIDAU TECHNOLOGY LIMITED","9341A378","marketing service"
"8/17/2026","16:19:38","Debit","EUR","-6.95",,"Processing Fee","7B8C8C05","marketing service"
"8/17/2026","16:19:38","Debit","EUR","-60.61",,"Fx Fee","7B8C8C05","marketing service"
"8/17/2026","16:19:38","Debit","EUR","-17256.26","GLOBAL INTEGRATED MARKETING","Transfer to GLOBAL INTEGRATED MARKETING","7B8C8C05","marketing service"
"8/17/2026","16:08:16","Debit","EUR","-3.43",,"Receiving Fee","2C3F8F04","inv-251"
"8/17/2026","16:08:16","Credit","EUR","5554.50",,"Payment from NORDIVENTA OU to New AdRice Eur","2C3F8F04","inv-251"
"8/17/2026","15:44:16","Debit","EUR","-2.60",,"Processing Fee","353D44D1","FATTURA nr. FPR 65/26 del 16/08/2026"
"8/17/2026","15:44:16","Debit","EUR","-1033.00","TC ADVERTISING SRLS","Transfer to TC ADVERTISING SRLS","353D44D1","FATTURA nr. FPR 65/26 del 16/08/2026"
"8/17/2026","15:42:53","Debit","EUR","-2.60",,"Processing Fee","C250A068","n. 25/26 del 12/08/2026"
"8/17/2026","15:42:53","Debit","EUR","-14518.00","Feel s.r.l.","Transfer to Feel s.r.l.","C250A068","n. 25/26 del 12/08/2026"
"8/17/2026","15:40:45","Debit","EUR","-2.60",,"Processing Fee","E76C2E24","INVOICEN. 2012872695702"
"8/17/2026","15:40:45","Debit","EUR","-4414.00","WSCP LLC (fr_giro)","Transfer to WSCP LLC (fr_giro)","E76C2E24","INVOICEN. 2012872695702"
"8/17/2026","15:39:39","Debit","EUR","-2.60",,"Processing Fee","7C19673B","no. 10/2026 of 2026-08-14"
"8/17/2026","15:39:39","Debit","EUR","-19279.00","IMPRESA DIGITALE S.R.L.","Transfer to IMPRESA DIGITALE S.R.L.","7C19673B","no. 10/2026 of 2026-08-14"
"8/17/2026","15:37:47","Debit","EUR","-2.60",,"Processing Fee","3DC25E11","INVOICE no. 443/2026 of 2026-08-13"
"8/17/2026","15:37:47","Debit","EUR","-9789.00","ZARK S.R.L.","Transfer to ZARK S.R.L.","3DC25E11","INVOICE no. 443/2026 of 2026-08-13"
"8/17/2026","15:15:57","Debit","EUR","-2.60",,"Processing Fee","9BFF8506","Fattura del 3 agosto 2026"
"8/17/2026","15:15:57","Debit","EUR","-44509.00","Leagix Sagl","Transfer to Leagix Sagl","9BFF8506","Fattura del 3 agosto 2026"
"8/17/2026","11:03:09","Debit","EUR","-10.65",,"Receiving Fee","4A62EC92","3 adv payment invoice inv-235"
"8/17/2026","11:03:09","Credit","EUR","20000.00",,"Payment from Bizzer LLC to New AdRice Eur","4A62EC92","3 adv payment invoice inv-235"
"8/17/2026","07:53:24","Debit","EUR","-6.31",,"Receiving Fee","853E6BF3","inv-249"
"8/17/2026","07:53:24","Credit","EUR","11315.50",,"Payment from NORDIVENTA OU to New AdRice Eur","853E6BF3","inv-249"
"8/17/2026","07:52:25","Debit","EUR","-13.90",,"Receiving Fee","6EBAD7E2","INV-250"
"8/17/2026","07:52:25","Credit","EUR","26489.00",,"Payment from NORDIVENTA OU to New AdRice Eur","6EBAD7E2","INV-250"
"8/15/2026","14:33:59","Debit","EUR","-4.80",,"Receiving Fee","69FAA3D6","inv-243"
"8/15/2026","14:33:59","Credit","EUR","8292.50",,"Payment from NORDIVENTA OU to New AdRice Eur","69FAA3D6","inv-243"
"8/15/2026","14:32:59","Debit","EUR","-8.98",,"Receiving Fee","417D892D","INV-244"
"8/15/2026","14:32:59","Credit","EUR","16659.00",,"Payment from NORDIVENTA OU to New AdRice Eur","417D892D","INV-244"
"8/14/2026","07:22:46","Debit","EUR","-26.91",,"Receiving Fee","8251183E","internal funds transfer 260814070680"
"8/14/2026","07:22:46","Credit","EUR","39904.00",,"Payment from ADRICE L.L.C-FZ to Multi Currency Account-EUR","8251183E","internal funds transfer 260814070680"
"8/14/2026","07:09:57","Debit","EUR","-2.60",,"Processing Fee","61646175","308 del 13/08/2026"
"8/14/2026","07:09:57","Debit","EUR","-898.00","Spoladori Davide (new Iban HYPE)","Transfer to Spoladori Davide (new Iban HYPE)","61646175","308 del 13/08/2026"
"8/14/2026","07:07:55","Debit","EUR","-2.60",,"Processing Fee","BA465914","N. 2012872695699"
"8/14/2026","07:07:55","Debit","EUR","-2557.00","WSCP LLC (fr_giro)","Transfer to WSCP LLC (fr_giro)","BA465914","N. 2012872695699"
"8/13/2026","12:47:25","Debit","EUR","-8.15",,"Receiving Fee","231FCED6","2 adv payment invoice inv-235"
"8/13/2026","12:47:25","Credit","EUR","15000.00",,"Payment from Bizzer LLC to New AdRice Eur","231FCED6","2 adv payment invoice inv-235"
"8/13/2026","10:42:16","Debit","EUR","-2.60",,"Processing Fee","11C82AE3","Fattura n. 82 del 11/08/2026"
"8/13/2026","10:42:16","Debit","EUR","-24545.00","LEADCOB S.R.L.","Transfer to LEADCOB S.R.L.","11C82AE3","Fattura n. 82 del 11/08/2026"
"8/13/2026","10:41:06","Debit","EUR","-2.60",,"Processing Fee","D1C8C011","nr. FPR 62/26 del 12/08/2026"
"8/13/2026","10:41:06","Debit","EUR","-1067.00","TC ADVERTISING SRLS","Transfer to TC ADVERTISING SRLS","D1C8C011","nr. FPR 62/26 del 12/08/2026"
"8/13/2026","10:39:35","Debit","EUR","-2.60",,"Processing Fee","9EBF2C07","Invoice no: 126"
"8/13/2026","10:39:35","Debit","EUR","-5200.00","Lead Busters LLC","Transfer to Lead Busters LLC","9EBF2C07","Invoice no: 126"
"8/13/2026","10:38:35","Debit","EUR","-2.60",,"Processing Fee","5E92C931","Invoice no. 98/2026"
"8/13/2026","10:38:35","Debit","EUR","-3837.00","FUTURADV S.R.L.S.","Transfer to FUTURADV S.R.L.S.","5E92C931","Invoice no. 98/2026"
"8/13/2026","10:37:29","Debit","EUR","-2.60",,"Processing Fee","3F254BD0","nr. FPR 14/26 del 10/08/2026"
"8/13/2026","10:37:29","Debit","EUR","-171.00","Quadrano Salvatore","Transfer to Quadrano Salvatore","3F254BD0","nr. FPR 14/26 del 10/08/2026"
"8/13/2026","10:34:43","Debit","EUR","-5.42",,"Receiving Fee","B58DB74D","advance payment 4/8 invoice n INV-228 date 03/08/2026"
"8/13/2026","10:34:43","Credit","EUR","9540.00",,"Payment from Netmart to New AdRice Eur","B58DB74D","advance payment 4/8 invoice n INV-228 date 03/08/2026"
"8/13/2026","10:32:43","Debit","EUR","-8.89",,"Receiving Fee","618C2B02","advance payment 2/5 invoice n INV-236 date 08/08/2026"
"8/13/2026","10:32:43","Credit","EUR","16472.00",,"Payment from Netmart LLC to New AdRice Eur","618C2B02","advance payment 2/5 invoice n INV-236 date 08/08/2026"
"8/13/2026","10:18:17","Debit","EUR","-6.95",,"Processing Fee","E4AB6CB5","marketing services agency"
"8/13/2026","10:18:17","Debit","EUR","-60.90",,"Fx Fee","E4AB6CB5","marketing services agency"
"8/13/2026","10:18:17","Debit","EUR","-17338.54","GLOBAL INTEGRATED MARKETING","Transfer to GLOBAL INTEGRATED MARKETING","E4AB6CB5","marketing services agency"
"8/13/2026","07:24:59","Debit","EUR","-21.92",,"Receiving Fee","297C8CDA","internal funds transfer H01608136122772"
"8/13/2026","07:24:59","Credit","EUR","29935.00",,"Payment from ADRICE L.L.C-FZ to Multi Currency Account-EUR","297C8CDA","internal funds transfer H01608136122772"
"8/12/2026","10:37:14","Debit","EUR","-2.60",,"Processing Fee","B22A8082","INV2608228"
"8/12/2026","10:37:14","Debit","EUR","-1500.00","CSW Scale OU (paysera account)","Transfer to CSW Scale OU (paysera account)","B22A8082","INV2608228"
"8/12/2026","10:29:11","Debit","EUR","-2.60",,"Processing Fee","60738311","N Factura 21/2026"
"8/12/2026","10:29:11","Debit","EUR","-1871.00","Alya Adv SL","Transfer to Alya Adv SL","60738311","N Factura 21/2026"
"8/12/2026","10:27:18","Debit","EUR","-2.60",,"Processing Fee","CB8CF92F","Invoice BO 0495"
"8/12/2026","10:27:18","Debit","EUR","-16384.00","BORN ONLINE S.R.L.","Transfer to BORN ONLINE S.R.L.","CB8CF92F","Invoice BO 0495"
"8/12/2026","10:10:30","Debit","EUR","-6.95",,"Processing Fee","3F6E5B82","marketing services"
"8/12/2026","10:10:30","Debit","EUR","-60.89",,"Fx Fee","3F6E5B82","marketing services"
"8/12/2026","10:10:30","Debit","EUR","-17334.03","TECDO HONG KONG LIMITED","Transfer to TECDO HONG KONG LIMITED","3F6E5B82","marketing services"
"8/12/2026","08:10:12","Debit","EUR","-8.89",,"Receiving Fee","AF670119","advance payment 1/5 invoice n INV-236 date 08/08/2026"
"8/12/2026","08:10:12","Credit","EUR","16472.00",,"Payment from Netmart LLC to New AdRice Eur","AF670119","advance payment 1/5 invoice n INV-236 date 08/08/2026"
"8/12/2026","08:06:39","Debit","EUR","-2.60",,"Processing Fee","0AC10B4B","Invoice 00000144"
"8/12/2026","08:06:39","Debit","EUR","-53287.00","Daddys Line LLC (new iban GB)","Transfer to Daddys Line LLC (new iban GB)","0AC10B4B","Invoice 00000144"
"8/12/2026","07:44:12","Debit","EUR","-5.42",,"Receiving Fee","3DFB277A","advance payment 3/8 invoice n INV-228 date 03/08/2026"
"8/12/2026","07:44:12","Credit","EUR","9540.00",,"Payment from Netmart to New AdRice Eur","3DFB277A","advance payment 3/8 invoice n INV-228 date 03/08/2026"
"8/11/2026","14:50:06","Debit","EUR","-2.60",,"Processing Fee","0A81F756","No. 54548330"
"8/11/2026","14:50:06","Debit","EUR","-12899.00","BAISANU DIGITAL S.R.L.","Transfer to BAISANU DIGITAL S.R.L.","0A81F756","No. 54548330"
"8/11/2026","14:49:06","Debit","EUR","-2.60",,"Processing Fee","C62C9A0A","Fattura n. 1 del 04/08/2026"
"8/11/2026","14:49:06","Debit","EUR","-2050.00","PICCOLO FORTUNATO","Transfer to PICCOLO FORTUNATO","C62C9A0A","Fattura n. 1 del 04/08/2026"
"8/11/2026","14:47:08","Debit","EUR","-2.60",,"Processing Fee","2AC9BEA8","Fattura n. 8 del 04/08/2026"
"8/11/2026","14:47:08","Debit","EUR","-6387.00","PICCOLO STEFANO","Transfer to PICCOLO STEFANO","2AC9BEA8","Fattura n. 8 del 04/08/2026"
"8/11/2026","13:32:27","Debit","EUR","-9.03",,"Receiving Fee","25295DB9","1 adv payment invoice inv-235"
"8/11/2026","13:32:27","Credit","EUR","16760.00",,"Payment from Bizzer LLC to New AdRice Eur","25295DB9","1 adv payment invoice inv-235"
"8/11/2026","12:33:46","Debit","EUR","-4.24",,"Receiving Fee","E0CDCA74","INV-238"
"8/11/2026","12:33:46","Credit","EUR","7168.00",,"Payment from NORDIVENTA OU to New AdRice Eur","E0CDCA74","INV-238"
"8/11/2026","12:30:26","Debit","EUR","-8.00",,"Receiving Fee","0153E2C2","inv-239"
"8/11/2026","12:30:26","Credit","EUR","14697.50",,"Payment from NORDIVENTA OU to New AdRice Eur","0153E2C2","inv-239"
"8/11/2026","12:29:26","Debit","EUR","-8.90",,"Receiving Fee","32383393","Inv-233"
"8/11/2026","12:29:26","Credit","EUR","16491.50",,"Payment from NORDIVENTA to New AdRice Eur","32383393","Inv-233"
"8/11/2026","09:47:59","Debit","EUR","-2.60",,"Processing Fee","635CE348","Invoice 00000141"
"8/11/2026","09:47:59","Debit","EUR","-73815.39","Daddys Line LLC (new iban GB)","Transfer to Daddys Line LLC (new iban GB)","635CE348","Invoice 00000141"
"8/11/2026","09:40:45","Debit","EUR","-2.60",,"Processing Fee","805E55AC","Invoice BO 0494"
"8/11/2026","09:40:45","Debit","EUR","-1938.00","BORN ONLINE S.R.L.","Transfer to BORN ONLINE S.R.L.","805E55AC","Invoice BO 0494"
"8/11/2026","09:39:01","Debit","EUR","-2.60",,"Processing Fee","376D33D2","no. 10/2026 of 2026-08-09"
"8/11/2026","09:39:01","Debit","EUR","-23082.00","WEPROD S.R.L","Transfer to WEPROD S.R.L","376D33D2","no. 10/2026 of 2026-08-09"
"8/11/2026","09:37:04","Debit","EUR","-2.60",,"Processing Fee","8CABE36A","FATTURA nr. FPR 60/26 del 07/08/2026"
"8/11/2026","09:37:04","Debit","EUR","-1094.00","TC ADVERTISING SRLS","Transfer to TC ADVERTISING SRLS","8CABE36A","FATTURA nr. FPR 60/26 del 07/08/2026"
"8/11/2026","09:35:54","Debit","EUR","-2.60",,"Processing Fee","37C035CE","inv 299 del 07/08/2026"
"8/11/2026","09:35:54","Debit","EUR","-1780.00","Spoladori Davide (new Iban HYPE)","Transfer to Spoladori Davide (new Iban HYPE)","37C035CE","inv 299 del 07/08/2026"
"8/11/2026","08:08:20","Debit","EUR","-5.42",,"Receiving Fee","10481EAA","advance payment 2/8 invoice n INV-228 date 03/08/2026"
"8/11/2026","08:08:20","Credit","EUR","9540.00",,"Payment from Netmart to New AdRice Eur","10481EAA","advance payment 2/8 invoice n INV-228 date 03/08/2026"
"8/10/2026","15:04:39","Debit","EUR","-2.60",,"Processing Fee","8CDF29D7","N. 2012872695697"
"8/10/2026","15:04:39","Debit","EUR","-5842.20","WSCP LLC (fr_giro)","Transfer to WSCP LLC (fr_giro)","8CDF29D7","N. 2012872695697"
"8/10/2026","14:23:32","Debit","EUR","-6.95",,"Processing Fee","41F4FC00","marketing service"
"8/10/2026","14:23:32","Debit","EUR","-30.41",,"Fx Fee","41F4FC00","marketing service"
"8/10/2026","14:23:32","Debit","EUR","-8658.01","VIDAU TECHNOLOGY LIMITED","Transfer to VIDAU TECHNOLOGY LIMITED","41F4FC00","marketing service"
"8/10/2026","14:22:37","Debit","EUR","-6.95",,"Processing Fee","36373CDF","marketing service"
"8/10/2026","14:22:37","Debit","EUR","-60.82",,"Fx Fee","36373CDF","marketing service"
"8/10/2026","14:22:37","Debit","EUR","-17314.52","GLOBAL INTEGRATED MARKETING","Transfer to GLOBAL INTEGRATED MARKETING","36373CDF","marketing service"
"8/10/2026","10:50:25","Debit","EUR","-2.60",,"Processing Fee","D864BC85","Invoice 00000143"
"8/10/2026","10:50:25","Debit","EUR","-15489.29","Daddys Line LLC (new iban GB)","Transfer to Daddys Line LLC (new iban GB)","D864BC85","Invoice 00000143"
"8/10/2026","10:49:38","Debit","EUR","-2.60",,"Processing Fee","4B3CAD4B","Invoice 00000142"
"8/10/2026","10:49:38","Debit","EUR","-5443.07","Daddys Line LLC (new iban GB)","Transfer to Daddys Line LLC (new iban GB)","4B3CAD4B","Invoice 00000142"
"8/10/2026","09:51:34","Debit","EUR","-5.42",,"Receiving Fee","65C00360","advance payment 1/8 invoice n INV-228 date 03/08/2026"
"8/10/2026","09:51:34","Credit","EUR","9540.00",,"Payment from Netmart to New AdRice Eur","65C00360","advance payment 1/8 invoice n INV-228 date 03/08/2026"
"8/10/2026","09:15:53","Debit","EUR","-6.85",,"Receiving Fee","DD8A1F57","balance payment 5/5 invoice n INV-187 date 07/07/2026"
"8/10/2026","09:15:53","Credit","EUR","12400.00",,"Payment from Netmart LLC to New AdRice Eur","DD8A1F57","balance payment 5/5 invoice n INV-187 date 07/07/2026"
"8/10/2026","08:12:32","Debit","EUR","-14.55",,"Receiving Fee","43F05535","INV-234"
"8/10/2026","08:12:32","Credit","EUR","27784.00",,"Payment from NORDIVENTA OU to New AdRice Eur","43F05535","INV-234"
"8/10/2026","08:11:32","Debit","EUR","-13.78",,"Receiving Fee","8028BC2E","inv-231"
"8/10/2026","08:11:32","Credit","EUR","26240.50",,"Payment from NORDIVENTA OU to New AdRice Eur","8028BC2E","inv-231"
"8/10/2026","08:10:12","Debit","EUR","-7.91",,"Receiving Fee","D05DB192","Inv-230"
"8/10/2026","08:10:12","Credit","EUR","14511.00",,"Payment from NORDIVENTA to New AdRice Eur","D05DB192","Inv-230"
"8/8/2026","14:32:24","Debit","EUR","-2.65",,"Processing Fee","6E9B9366","8/2026 of 2026-08-04"
"8/8/2026","14:32:24","Debit","EUR","-16887.00","IMPRESA DIGITALE S.R.L.","Transfer to IMPRESA DIGITALE S.R.L.","6E9B9366","8/2026 of 2026-08-04"
"8/7/2026","16:55:00","Debit","EUR","-6.95",,"Processing Fee","CC0D8065","inv 91"
"8/7/2026","16:55:00","Debit","EUR","-30000.00","DataWave Creative LLC","Transfer to DataWave Creative LLC","CC0D8065","inv 91"
"8/7/2026","09:54:56","Debit","EUR","-2.65",,"Processing Fee","481D06FF","INV-45839"
"8/7/2026","09:54:56","Debit","EUR","-14.02",,"Fx Fee","481D06FF","INV-45839"
"8/7/2026","09:54:56","Debit","EUR","-3989.25","RASHA M.A. ALTAHER","Transfer to RASHA M.A. ALTAHER","481D06FF","INV-45839"
"8/7/2026","06:21:33","Debit","EUR","-56.95",,"Receiving Fee","E0103653","/REF/ Inter Company Transfer intern al funds transfer GER015378219"
"8/7/2026","06:21:33","Credit","EUR","100000.00",,"Payment from ADRICE LLC FZ to Multi Currency Account-EUR","E0103653","/REF/ Inter Company Transfer intern al funds transfer GER015378219"
"8/7/2026","06:08:28","Debit","EUR","-2.65",,"Processing Fee","64FFC223","22/2026 of 2026-08-06"
"8/7/2026","06:08:28","Debit","EUR","-565.00","EVANGELISTA ANDREA","Transfer to EVANGELISTA ANDREA","64FFC223","22/2026 of 2026-08-06"
"8/7/2026","04:57:30","Debit","EUR","-2.65",,"Processing Fee","D5CC45BD","INVOICE NO.: CS/2026-08/114"
"8/7/2026","04:57:30","Debit","EUR","-76.30",,"Fx Fee","D5CC45BD","INVOICE NO.: CS/2026-08/114"
"8/7/2026","04:57:30","Debit","EUR","-21722.05","Clicksense LLC","Transfer to Clicksense LLC","D5CC45BD","INVOICE NO.: CS/2026-08/114"
"8/7/2026","00:28:26","Debit","EUR","-31.95",,"Receiving Fee","A8E7D3AA","/REF/ Inter Company Transfer intern al company transfer 260806178782"
"8/7/2026","00:28:26","Credit","EUR","50000.00",,"Payment from ADRICE LLC FZ to Multi Currency Account-EUR","A8E7D3AA","/REF/ Inter Company Transfer intern al company transfer 260806178782"
"8/6/2026","14:52:36","Debit","EUR","-18.20",,"Receiving Fee","92A24633","3 adv payment invoice inv-215"
"8/6/2026","14:52:36","Credit","EUR","35000.00",,"Payment from Bizzer LLC to New AdRice Eur","92A24633","3 adv payment invoice inv-215"
"8/6/2026","13:39:17","Debit","EUR","-6.95",,"Processing Fee","993C5E2C","GIMC marketing agencies"
"8/6/2026","13:39:17","Debit","EUR","-76.08",,"Fx Fee","993C5E2C","GIMC marketing agencies"
"8/6/2026","13:39:17","Debit","EUR","-21660.03","GLOBAL INTEGRATED MARKETING","Transfer to GLOBAL INTEGRATED MARKETING","993C5E2C","GIMC marketing agencies"
"8/6/2026","13:36:50","Debit","EUR","-2.65",,"Processing Fee","5E1306AA","FT-2026/029"
"8/6/2026","13:36:50","Debit","EUR","-76.09",,"Fx Fee","5E1306AA","FT-2026/029"
"8/6/2026","13:36:50","Debit","EUR","-21661.91","Unbreakable Network Media LLC (mercury)","Transfer to Unbreakable Network Media LLC (mercury)","5E1306AA","FT-2026/029"
"8/6/2026","13:32:52","Debit","EUR","-2.65",,"Processing Fee","FBCA26AB","No. INV/2026/00067"
"8/6/2026","13:32:52","Debit","EUR","-16356.00","Wayfare Limited (quodo)","Transfer to Wayfare Limited (quodo)","FBCA26AB","No. INV/2026/00067"
"8/6/2026","08:47:52","Debit","EUR","-2.65",,"Processing Fee","6AA6A7B3","inv 0277 (2nd payment)"
"8/6/2026","08:47:52","Debit","EUR","-105.00",,"Fx Fee","6AA6A7B3","inv 0277 (2nd payment)"
"8/6/2026","08:47:52","Debit","EUR","-29892.35","COD KINGDOM LLC SLASH","Transfer to COD KINGDOM LLC SLASH","6AA6A7B3","inv 0277 (2nd payment)"
"8/6/2026","08:39:50","Debit","EUR","-31.95",,"Receiving Fee","6B2283B4","/REF/ Internal Fund transfer intern al funds transfer FAAC621802907500"
"8/6/2026","08:39:50","Credit","EUR","50000.00",,"Payment from ADRICE LLC FZ to Multi Currency Account-EUR","6B2283B4","/REF/ Internal Fund transfer intern al funds transfer FAAC621802907500"
"8/6/2026","08:36:10","Debit","EUR","-6.90",,"Receiving Fee","40FF65C8","advance payment 4/5 invoice n INV-187 date 07/07/2026"
"8/6/2026","08:36:10","Credit","EUR","12400.00",,"Payment from Netmart LLC to New AdRice Eur","40FF65C8","advance payment 4/5 invoice n INV-187 date 07/07/2026"
"8/5/2026","17:18:26","Debit","EUR","-6.95",,"Processing Fee","4677F508","marketing service"
"8/5/2026","17:18:26","Debit","EUR","-45.64",,"Fx Fee","4677F508","marketing service"
"8/5/2026","17:18:26","Debit","EUR","-12991.52","TECDO HONG KONG LIMITED","Transfer to TECDO HONG KONG LIMITED","4677F508","marketing service"
"8/5/2026","14:19:49","Debit","EUR","-6.90",,"Receiving Fee","AB8DA277","advance payment 3/5 invoice n INV-187 date 07/07/2026"
"8/5/2026","14:19:49","Credit","EUR","12400.00",,"Payment from Netmart LLC to New AdRice Eur","AB8DA277","advance payment 3/5 invoice n INV-187 date 07/07/2026"
"8/5/2026","13:38:28","Debit","EUR","-13.20",,"Receiving Fee","4FC376A1","2 adv payment invoice inv-215"
"8/5/2026","13:38:28","Credit","EUR","25000.00",,"Payment from Bizzer LLC to New AdRice Eur","4FC376A1","2 adv payment invoice inv-215"
"8/4/2026","20:49:01","Debit","EUR","-2.65",,"Processing Fee","E91F6531","Fattura n. 23 del 28/07/2026"
"8/4/2026","20:49:01","Debit","EUR","-12884.00","CARGNELUTTI MATTEO","Transfer to CARGNELUTTI MATTEO","E91F6531","Fattura n. 23 del 28/07/2026"
"8/4/2026","20:47:18","Debit","EUR","-2.65",,"Processing Fee","A1F02EF7","INVOICE no. 11/2026 of 2026-07-27"
"8/4/2026","20:47:18","Debit","EUR","-8618.00","Francesca Ciotoli","Transfer to Francesca Ciotoli","A1F02EF7","INVOICE no. 11/2026 of 2026-07-27"
"8/4/2026","14:44:22","Debit","EUR","-15.47",,"Receiving Fee","BA7250FA","1 adv payment invoice inv-215"
"8/4/2026","14:44:22","Credit","EUR","29540.00",,"Payment from Bizzer LLC to New AdRice Eur","BA7250FA","1 adv payment invoice inv-215"
"8/4/2026","14:02:08","Debit","EUR","-2.65",,"Processing Fee","6A23C91F","N Factura 19/2026"
"8/4/2026","14:02:08","Debit","EUR","-2010.00","Alya Adv SL","Transfer to Alya Adv SL","6A23C91F","N Factura 19/2026"
"8/4/2026","08:46:35","Debit","EUR","-6.95",,"Processing Fee","2C503DFE","marketing service"
"8/4/2026","08:46:35","Debit","EUR","-30.53",,"Fx Fee","2C503DFE","marketing service"
"8/4/2026","08:46:35","Debit","EUR","-8689.61","TECDO HONG KONG LIMITED","Transfer to TECDO HONG KONG LIMITED","2C503DFE","marketing service"
"8/4/2026","08:40:21","Debit","EUR","-6.95",,"Processing Fee","DB1D8D7E","marketing service"
"8/4/2026","08:40:21","Debit","EUR","-30.52",,"Fx Fee","DB1D8D7E","marketing service"
"8/4/2026","08:40:21","Debit","EUR","-8688.86","GLOBAL INTEGRATED MARKETING","Transfer to GLOBAL INTEGRATED MARKETING","DB1D8D7E","marketing service"
"8/4/2026","08:01:55","Debit","EUR","-6.90",,"Receiving Fee","55FAFF85","advance payment 2/5 invoice n INV-187 date 07/07/2026"
"8/4/2026","08:01:55","Credit","EUR","12400.00",,"Payment from Netmart LLC to New AdRice Eur","55FAFF85","advance payment 2/5 invoice n INV-187 date 07/07/2026"
"8/4/2026","06:20:46","Debit","EUR","-2.65",,"Processing Fee","75BB5FB0","FT-2026/030"
"8/4/2026","06:20:46","Debit","EUR","-45.78",,"Fx Fee","75BB5FB0","FT-2026/030"
"8/4/2026","06:20:46","Debit","EUR","-13033.28","Unbreakable Network Media LLC (Wise)","Transfer to Unbreakable Network Media LLC (Wise)","75BB5FB0","FT-2026/030"
"8/4/2026","05:32:12","Debit","EUR","-10.70",,"Receiving Fee","5154B74E","invoice inv-205it"
"8/4/2026","05:32:12","Credit","EUR","20000.00",,"Payment from Bizzer LLC to New AdRice Eur","5154B74E","invoice inv-205it"
"8/3/2026","13:21:10","Debit","EUR","-2.65",,"Processing Fee","666F6795","inv 11"
"8/3/2026","13:21:10","Debit","EUR","-5810.00","Daniele NArdecchia","Transfer to Daniele NArdecchia","666F6795","inv 11"
"8/3/2026","13:20:03","Debit","EUR","-2.65",,"Processing Fee","43BFFF91","Fattura n. 7-26"
"8/3/2026","13:20:03","Debit","EUR","-1568.00","Mattia Luigi D'Amely Melodia","Transfer to Mattia Luigi D'Amely Melodia","43BFFF91","Fattura n. 7-26"
"8/3/2026","13:18:45","Debit","EUR","-2.65",,"Processing Fee","72C927F2","INVOICE  2"
"8/3/2026","13:18:45","Debit","EUR","-392.00","QUANTUM MEDIA STRATEGY LLC","Transfer to QUANTUM MEDIA STRATEGY LLC","72C927F2","INVOICE  2"
"8/3/2026","13:15:51","Debit","EUR","-2.65",,"Processing Fee","52144A48","INVOICE no. 10/2026 of 2026-07-27"
"8/3/2026","13:15:51","Debit","EUR","-8785.00","Alessandro Nardecchia","Transfer to Alessandro Nardecchia","52144A48","INVOICE no. 10/2026 of 2026-07-27"
"8/3/2026","13:14:34","Debit","EUR","-2.65",,"Processing Fee","24AF6370","FATTURA  8"
"8/3/2026","13:14:34","Debit","EUR","-2765.00","MANUEL MARONGIU","Transfer to MANUEL MARONGIU","24AF6370","FATTURA  8"
"8/3/2026","13:12:15","Debit","EUR","-2.65",,"Processing Fee","8296EB33","n. 1/71 del 02 Agosto 2026"
"8/3/2026","13:12:15","Debit","EUR","-996.00","LIPRERI SRL","Transfer to LIPRERI SRL","8296EB33","n. 1/71 del 02 Agosto 2026"
"8/3/2026","13:10:47","Debit","EUR","-2.65",,"Processing Fee","9F6E1A65","Invoice no: 124"
"8/3/2026","13:10:47","Debit","EUR","-5200.00","Lead Busters LLC","Transfer to Lead Busters LLC","9F6E1A65","Invoice no: 124"
"8/3/2026","13:09:34","Debit","EUR","-2.65",,"Processing Fee","63C0C265","Invoice no. 93/2026"
"8/3/2026","13:09:34","Debit","EUR","-808.00","FUTURADV S.R.L.S.","Transfer to FUTURADV S.R.L.S.","63C0C265","Invoice no. 93/2026"
"8/3/2026","13:06:46","Debit","EUR","-2.65",,"Processing Fee","C9E0CBA9","INVOICE NO.: CS/2026-07/105"
"8/3/2026","13:06:46","Debit","EUR","-20.05",,"Fx Fee","C9E0CBA9","INVOICE NO.: CS/2026-07/105"
"8/3/2026","13:06:46","Debit","EUR","-5706.36","Clicksense LLC","Transfer to Clicksense LLC","C9E0CBA9","INVOICE NO.: CS/2026-07/105"
"8/3/2026","11:55:52","Debit","EUR","-8.84",,"Receiving Fee","F5135270","Inv-223"
"8/3/2026","11:55:52","Credit","EUR","16267.00",,"Payment from NORDIVENTA to New AdRice Eur","F5135270","Inv-223"
"8/3/2026","11:53:32","Debit","EUR","-7.96",,"Receiving Fee","C9BEE087","inv-226, 227"
"8/3/2026","11:53:32","Credit","EUR","14516.50",,"Payment from NORDIVENTA OU to New AdRice Eur","C9BEE087","inv-226, 227"
"8/3/2026","08:14:30","Debit","EUR","-2.65",,"Processing Fee","D6E39993","inv 0277"
"8/3/2026","08:14:30","Debit","EUR","-91.42",,"Fx Fee","D6E39993","inv 0277"
"8/3/2026","08:14:30","Debit","EUR","-26025.86","COD KINGDOM LLC SLASH","Transfer to COD KINGDOM LLC SLASH","D6E39993","inv 0277"
"8/3/2026","07:31:27","Debit","EUR","-2.65",,"Processing Fee","4E0CC9B8","Invoice no. / Faktura nr FV/1/07/2026"
"8/3/2026","07:31:27","Debit","EUR","-3000.00","AdCore Mariusz Siwiec","Transfer to AdCore Mariusz Siwiec","4E0CC9B8","Invoice no. / Faktura nr FV/1/07/2026"
"8/3/2026","07:28:06","Debit","EUR","-6.95",,"Processing Fee","6CF9935E","final payment inv 156"
"8/3/2026","07:28:06","Debit","EUR","-61.48",,"Fx Fee","6CF9935E","final payment inv 156"
"8/3/2026","07:28:06","Debit","EUR","-17503.69","EasyPeasyEcom Group B.V. (USD BANK ACC)","Transfer to EasyPeasyEcom Group B.V. (USD BANK ACC)","6CF9935E","final payment inv 156"
"8/1/2026","13:36:09","Debit","EUR","-2.65",,"Processing Fee","C3CF32B9","Invoice no. 22/2026"
"8/1/2026","13:36:09","Debit","EUR","-10000.00","HYDRADV SRLS","Transfer to HYDRADV SRLS","C3CF32B9","Invoice no. 22/2026"
"7/31/2026","14:08:17","Debit","EUR","-8.13",,"Receiving Fee","F91EA829","inv-224 part 2 last"
"7/31/2026","14:08:17","Credit","EUR","14859.50",,"Payment from NORDIVENTA OU to New AdRice Eur","F91EA829","inv-224 part 2 last"
"7/31/2026","14:05:57","Debit","EUR","-9.94",,"Receiving Fee","C5B19681","INV-224"
"7/31/2026","14:05:57","Credit","EUR","18470.00",,"Payment from NORDIVENTA OU to New AdRice Eur","C5B19681","INV-224"
"7/31/2026","11:45:03","Debit","EUR","-7.05",,"Processing Fee","3F2FAFA2","2 payment invoice 157"
"7/31/2026","11:45:03","Debit","EUR","-174.63",,"Fx Fee","3F2FAFA2","2 payment invoice 157"
"7/31/2026","11:45:03","Debit","EUR","-49718.32","EasyPeasyEcom Group B.V. (USD BANK ACC)","Transfer to EasyPeasyEcom Group B.V. (USD BANK ACC)","3F2FAFA2","2 payment invoice 157"
"7/31/2026","10:34:13","Debit","EUR","-6.90",,"Receiving Fee","08A951C6","advance payment 1/5 invoice n INV-187 date 07/07/2026"
"7/31/2026","10:34:13","Credit","EUR","12400.00",,"Payment from Netmart LLC to New AdRice Eur","08A951C6","advance payment 1/5 invoice n INV-187 date 07/07/2026"
"7/31/2026","08:36:55","Debit","EUR","-2.65",,"Processing Fee","178BB6A5","inv 003"
"7/31/2026","08:36:54","Debit","EUR","-73.33",,"Fx Fee","178BB6A5","inv 003"
"7/31/2026","08:36:54","Debit","EUR","-20875.92","Next Lab Marketing Agency LLC","Transfer to Next Lab Marketing Agency LLC","178BB6A5","inv 003"
"7/30/2026","14:36:30","Debit","EUR","-8.20",,"Receiving Fee","7AFB2A63","invoice inv-188"
"7/30/2026","14:36:30","Credit","EUR","15000.00",,"Payment from Bizzer LLC to New AdRice Eur","7AFB2A63","invoice inv-188"
"7/30/2026","13:31:09","Debit","EUR","-2.22",,"Receiving Fee","E48811D3","INV-220"
"7/30/2026","13:31:09","Credit","EUR","3030.50",,"Payment from NORDIVENTA OU to New AdRice Eur","E48811D3","INV-220"
"7/30/2026","13:28:28","Debit","EUR","-5.51",,"Receiving Fee","D24D8FA4","inv-221"
"7/30/2026","13:28:28","Credit","EUR","9619.00",,"Payment from NORDIVENTA OU to New AdRice Eur","D24D8FA4","inv-221"
"7/30/2026","06:51:27","Credit","EUR","10.84",,"Other transactions or fees","CA513735",
"7/30/2026","06:39:41","Debit","EUR","-10.84",,"Receiving Fee","E04C67A8",
"7/30/2026","06:39:41","Credit","EUR","20278.96",,"Payment from CURRENXIE UK EUR CLIENT ACCOUNT to New AdRice Eur","E04C67A8",
"7/29/2026","16:06:41","Debit","EUR","-2.65",,"Processing Fee","E63FE214","1 payment invoice 157"
"7/29/2026","16:06:41","Debit","EUR","-50000.00","EasyPeasyEcom Group B.V.","Transfer to EasyPeasyEcom Group B.V.","E63FE214","1 payment invoice 157"
"7/29/2026","16:03:44","Debit","EUR","-13.20",,"Receiving Fee","CA521D39","3 adv payment invoice inv-188"
"7/29/2026","16:03:44","Credit","EUR","25000.00",,"Payment from Bizzer LLC to New AdRice Eur","CA521D39","3 adv payment invoice inv-188"
"7/29/2026","15:21:03","Debit","EUR","-9.37",,"Receiving Fee","5F69902E","balance payment 4/4 invoice n 175 date 30/06/2026"
"7/29/2026","15:21:03","Credit","EUR","17335.00",,"Payment from Netmart LLC to New AdRice Eur","5F69902E","balance payment 4/4 invoice n 175 date 30/06/2026"
"7/29/2026","14:32:09","Debit","EUR","-20278.96",,"Other transactions or fees","ABA1DBDA",
"7/28/2026","15:55:31","Debit","EUR","-11.28",,"Receiving Fee","5750B935",
"7/28/2026","15:55:31","Credit","EUR","21152.00",,"Payment from NORDIVENTA OU to null","5750B935",
"7/28/2026","15:03:02","Debit","EUR","-2.65",,"Processing Fee","1E35FE79","PMS1002 Ad Account Funding  Meta Platform"
"7/28/2026","15:03:02","Debit","EUR","-15000.00","Performance Marketing Solutions LLC","Transfer to Performance Marketing Solutions LLC","1E35FE79","PMS1002 Ad Account Funding  Meta Platform"
"7/28/2026","08:44:19","Debit","EUR","-2.65",,"Processing Fee","5E5791E1","INVOICE no. 434/2026 of 2026-07-27"
"7/28/2026","08:44:19","Debit","EUR","-10913.00","ZARK S.R.L.","Transfer to ZARK S.R.L.","5E5791E1","INVOICE no. 434/2026 of 2026-07-27"
"7/28/2026","08:43:08","Debit","EUR","-2.65",,"Processing Fee","B304B9F7","INVOICE N. 201287267"
"7/28/2026","08:43:08","Debit","EUR","-4432.00","WSCP LLC (fr_giro)","Transfer to WSCP LLC (fr_giro)","B304B9F7","INVOICE N. 201287267"
"7/28/2026","08:40:59","Debit","EUR","-2.65",,"Processing Fee","5A95FD0C","inv. 286 del 27/07/2026"
"7/28/2026","08:40:59","Debit","EUR","-1317.00","Spoladori Davide (new Iban HYPE)","Transfer to Spoladori Davide (new Iban HYPE)","5A95FD0C","inv. 286 del 27/07/2026"
"7/28/2026","08:38:39","Debit","EUR","-2.65",,"Processing Fee","33AD34A8","Proforma invoice 4551"
"7/28/2026","08:38:39","Debit","EUR","-1998.00","Traffic Manager Group S.R.L.","Transfer to Traffic Manager Group S.R.L.","33AD34A8","Proforma invoice 4551"
"7/27/2026","20:17:42","Debit","EUR","-7.05",,"Processing Fee","D178CB0C","marketing services"
"7/27/2026","20:17:42","Debit","EUR","-61.78",,"Fx Fee","D178CB0C","marketing services"
"7/27/2026","20:17:42","Debit","EUR","-17587.06","GLOBAL INTEGRATED MARKETING","Transfer to GLOBAL INTEGRATED MARKETING","D178CB0C","marketing services"
"7/27/2026","20:16:46","Debit","EUR","-7.05",,"Processing Fee","443B511F","marketing services"
"7/27/2026","20:16:46","Debit","EUR","-61.78",,"Fx Fee","443B511F","marketing services"
"7/27/2026","20:16:46","Debit","EUR","-17587.06","TECDO HONG KONG LIMITED","Transfer to TECDO HONG KONG LIMITED","443B511F","marketing services"
"7/27/2026","20:12:18","Debit","EUR","-7.05",,"Processing Fee","A8070491","INV-20260727"
"7/27/2026","20:12:18","Debit","EUR","-15.45",,"Fx Fee","A8070491","INV-20260727"
"7/27/2026","20:12:18","Debit","EUR","-4396.77","EASY PEASY GROUP LIMITED","Transfer to EASY PEASY GROUP LIMITED","A8070491","INV-20260727"
"7/27/2026","19:57:56","Debit","EUR","-7.05",,"Processing Fee","F623DC5C","inv 86"
"7/27/2026","19:57:56","Debit","EUR","-25000.00","DataWave Creative LLC","Transfer to DataWave Creative LLC","F623DC5C","inv 86"
"7/27/2026","17:02:11","Debit","EUR","-2.65",,"Processing Fee","6A1C4CD8","inv 7"
"7/27/2026","17:02:11","Debit","EUR","-304.00","M&C S.r.l.","Transfer to M&C S.r.l.","6A1C4CD8","inv 7"
"7/27/2026","16:59:03","Debit","EUR","-2.65",,"Processing Fee","CA1DBD79","no. 6/2026 of 2026-07-26"
"7/27/2026","16:59:03","Debit","EUR","-10187.00","IMPRESA DIGITALE S.R.L.","Transfer to IMPRESA DIGITALE S.R.L.","CA1DBD79","no. 6/2026 of 2026-07-26"
"7/27/2026","16:57:51","Debit","EUR","-2.65",,"Processing Fee","7EF3EB4A","INVOICE NO.: CS/2026-07/104"
"7/27/2026","16:57:51","Debit","EUR","-21.24",,"Fx Fee","7EF3EB4A","INVOICE NO.: CS/2026-07/104"
"7/27/2026","16:57:51","Debit","EUR","-6045.70","Clicksense LLC","Transfer to Clicksense LLC","7EF3EB4A","INVOICE NO.: CS/2026-07/104"
"7/27/2026","16:56:44","Debit","EUR","-2.65",,"Processing Fee","4E9C5893","INV2607206"
"7/27/2026","16:56:44","Debit","EUR","-2116.00","CSW Scale OU (paysera account)","Transfer to CSW Scale OU (paysera account)","4E9C5893","INV2607206"
"7/27/2026","15:30:24","Debit","EUR","-2.65",,"Processing Fee","771B8263","marketing service"
"7/27/2026","15:30:24","Debit","EUR","-174.30",,"Fx Fee","771B8263","marketing service"
"7/27/2026","15:30:24","Debit","EUR","-49623.05","COD KINGDOM LLC SLASH","Transfer to COD KINGDOM LLC SLASH","771B8263","marketing service"
"7/27/2026","13:40:26","Debit","EUR","-7.15",,"Receiving Fee","1FB46683","Inv-213"
"7/27/2026","13:40:26","Credit","EUR","12893.00",,"Payment from NORDIVENTA to New AdRice Eur","1FB46683","Inv-213"
"7/27/2026","13:39:26","Debit","EUR","-19.62",,"Receiving Fee","80E34CE9","INV-214"
"7/27/2026","13:39:26","Credit","EUR","37825.50",,"Payment from NORDIVENTA OU to New AdRice Eur","80E34CE9","INV-214"
"7/27/2026","12:28:44","Debit","EUR","-19.24",,"Receiving Fee","5544D158","inv-211"
"7/27/2026","12:28:44","Credit","EUR","37073.50",,"Payment from NORDIVENTA OU to New AdRice Eur","5544D158","inv-211"
"7/27/2026","11:34:44","Debit","EUR","-13.20",,"Receiving Fee","48A54217","2 adv payment invoice inv-188"
"7/27/2026","11:34:44","Credit","EUR","25000.00",,"Payment from Bizzer LLC to New AdRice Eur","48A54217","2 adv payment invoice inv-188"
"7/27/2026","10:21:32","Debit","EUR","-8.53",,"Receiving Fee","992BA6F1",
"7/27/2026","10:21:32","Credit","EUR","15642.50",,"Payment from NORDIVENTA to null","992BA6F1",
"7/24/2026","09:49:38","Debit","EUR","-2.65",,"Processing Fee","BC7A9F4F","Fattura 30"
"7/24/2026","09:49:38","Debit","EUR","-1129.00","MOLG S.R.L.","Transfer to MOLG S.R.L.","BC7A9F4F","Fattura 30"
"7/24/2026","09:30:46","Debit","EUR","-2.65",,"Processing Fee","E9E381E9","nr. FPR 27/26 del 23/07/2026"
"7/24/2026","09:30:46","Debit","EUR","-1950.00","ANTANA SRLS","Transfer to ANTANA SRLS","E9E381E9","nr. FPR 27/26 del 23/07/2026"
"7/24/2026","09:29:25","Debit","EUR","-2.65",,"Processing Fee","85DCAF4F","CS/2026-07/102"
"7/24/2026","09:29:25","Debit","EUR","-29.27",,"Fx Fee","85DCAF4F","CS/2026-07/102"
"7/24/2026","09:29:25","Debit","EUR","-8333.08","Clicksense LLC","Transfer to Clicksense LLC","85DCAF4F","CS/2026-07/102"
"7/24/2026","09:18:42","Debit","EUR","-2.65",,"Processing Fee","FB9EF56C","nr. FPR 50/26 del 23/07/2026"
"7/24/2026","09:18:42","Debit","EUR","-1103.00","TC ADVERTISING SRLS","Transfer to TC ADVERTISING SRLS","FB9EF56C","nr. FPR 50/26 del 23/07/2026"
"7/24/2026","09:17:17","Debit","EUR","-2.65",,"Processing Fee","754709B8","Invoice no: 119"
"7/24/2026","09:17:17","Debit","EUR","-5200.00","Lead Busters LLC","Transfer to Lead Busters LLC","754709B8","Invoice no: 119"
"7/24/2026","09:14:55","Debit","EUR","-2.65",,"Processing Fee","792D51A0",". 281 del 21/07/2026"
"7/24/2026","09:14:55","Debit","EUR","-1024.00","Spoladori Davide (new Iban HYPE)","Transfer to Spoladori Davide (new Iban HYPE)","792D51A0",". 281 del 21/07/2026"
"7/24/2026","07:52:04","Debit","EUR","-14.89",,"Receiving Fee","905055DC","1 adv payment invoice inv-188"
"7/24/2026","07:52:04","Credit","EUR","28380.00",,"Payment from Bizzer LLC to null","905055DC","1 adv payment invoice inv-188"
"7/23/2026","15:59:45","Debit","EUR","-2.65",,"Processing Fee","1471813D","6/2026 del 22/07/2026"
"7/23/2026","15:59:45","Debit","EUR","-3181.00","WEPROD S.R.L","Transfer to WEPROD S.R.L","1471813D","6/2026 del 22/07/2026"
"7/23/2026","15:58:42","Debit","EUR","-2.65",,"Processing Fee","91AD919D","N. 201287265"
"7/23/2026","15:58:42","Debit","EUR","-9254.00","WSCP LLC (fr_giro)","Transfer to WSCP LLC (fr_giro)","91AD919D","N. 201287265"
"7/23/2026","15:53:35","Debit","EUR","-9.37",,"Receiving Fee","7A399049","advance payment 3/4 invoice n 175 date 30/06/2026"
"7/23/2026","15:53:35","Credit","EUR","17335.00",,"Payment from Netmart LLC to null","7A399049","advance payment 3/4 invoice n 175 date 30/06/2026"
"7/23/2026","13:43:26","Debit","EUR","-7.00",,"Processing Fee","EADD2118",
"7/23/2026","13:43:26","Debit","EUR","-46.29",,"Fx Fee","EADD2118",
"7/23/2026","13:43:26","Debit","EUR","-13178.71","GLOBAL INTEGRATED MARKETING","Transfer to GLOBAL INTEGRATED MARKETING","EADD2118",
"7/23/2026","12:16:43","Debit","EUR","-13.20",,"Receiving Fee","E4B38573","5 adv payment invoice inv-174"
"7/23/2026","12:16:43","Credit","EUR","25000.00",,"Payment from Bizzer LLC to null","E4B38573","5 adv payment invoice inv-174"
"7/22/2026","18:43:01","Debit","EUR","-2.65",,"Processing Fee","25607993","Invoice BO 0488"
"7/22/2026","18:43:01","Debit","EUR","-40000.00","BORN ONLINE S.R.L.","Transfer to BORN ONLINE S.R.L.","25607993","Invoice BO 0488"
"7/22/2026","13:07:46","Debit","EUR","-7.00",,"Processing Fee","D536D63A","00000000013"
"7/22/2026","13:07:46","Debit","EUR","-4000.00","ROMEO 2022 LLC","Transfer to ROMEO 2022 LLC","D536D63A","00000000013"
"7/22/2026","10:59:57","Debit","EUR","-25.70",,"Receiving Fee","CAD2167D","Other Purposes Internal Company Transfer Internal Company Transfer AP-JIQN-DD15"
"7/22/2026","10:59:57","Credit","EUR","50000.00",,"Payment from Ad Rice LLC to null","CAD2167D","Other Purposes Internal Company Transfer Internal Company Transfer AP-JIQN-DD15"
"7/22/2026","09:54:54","Debit","EUR","-8.20",,"Receiving Fee","5EBBF6AA","invoice inv 197-it"
"7/22/2026","09:54:54","Credit","EUR","15000.00",,"Payment from Bizzer LLC to null","5EBBF6AA","invoice inv 197-it"
"7/21/2026","13:36:41","Debit","EUR","-7.49",,"Receiving Fee","A9AC6B7E","INV-207, 208"
"7/21/2026","13:36:41","Credit","EUR","13573.50",,"Payment from NORDIVENTA OU to null","A9AC6B7E","INV-207, 208"
"7/21/2026","08:30:25","Debit","EUR","-45.00",,"Other transactions or fees","D2E9ABE6",
"7/20/2026","22:10:26","Debit","EUR","-2.65",,"Processing Fee","3A92F036","INV2607199"
"7/20/2026","22:10:26","Debit","EUR","-1427.00","CSW Scale OÜ (LT IBAN)","Transfer to CSW Scale OÜ (LT IBAN)","3A92F036","INV2607199"
"7/20/2026","22:07:12","Debit","EUR","-2.65",,"Processing Fee","85B7C805","no. 4/2026 of 2026-07-20"
"7/20/2026","22:07:12","Debit","EUR","-10028.00","WEPROD S.R.L","Transfer to WEPROD S.R.L","85B7C805","no. 4/2026 of 2026-07-20"
"7/20/2026","22:06:06","Debit","EUR","-2.65",,"Processing Fee","FCD5FD3B","nr. FPR 47/26 del 19/07/2026"
"7/20/2026","22:06:06","Debit","EUR","-1052.00","TC ADVERTISING SRLS","Transfer to TC ADVERTISING SRLS","FCD5FD3B","nr. FPR 47/26 del 19/07/2026"
"7/20/2026","22:04:43","Debit","EUR","-2.65",,"Processing Fee","A6AEB1D7","Fattura n. 70 del 18/07/2026"
"7/20/2026","22:04:43","Debit","EUR","-8168.00","LEADCOB S.R.L.","Transfer to LEADCOB S.R.L.","A6AEB1D7","Fattura n. 70 del 18/07/2026"
"7/20/2026","22:03:54","Debit","EUR","-2.65",,"Processing Fee","CAA5DC61","no. 429/2026 of 2026-07-18"
"7/20/2026","22:03:54","Debit","EUR","-16834.00","ZARK S.R.L.","Transfer to ZARK S.R.L.","CAA5DC61","no. 429/2026 of 2026-07-18"
"7/20/2026","22:01:56","Debit","EUR","-2.65",,"Processing Fee","714741F9","CS/2026-07/101"
"7/20/2026","22:01:56","Debit","EUR","-10.75",,"Fx Fee","714741F9","CS/2026-07/101"
"7/20/2026","22:01:56","Debit","EUR","-3058.46","Clicksense LLC","Transfer to Clicksense LLC","714741F9","CS/2026-07/101"
"7/20/2026","17:31:54","Debit","EUR","-7.00",,"Processing Fee","8858365B",
"7/20/2026","17:31:54","Debit","EUR","-46.16",,"Fx Fee","8858365B",
"7/20/2026","17:31:54","Debit","EUR","-13140.61","TECDO HONG KONG LIMITED","Transfer to TECDO HONG KONG LIMITED","8858365B",
"7/20/2026","15:40:20","Debit","EUR","-4.88",,"Receiving Fee","4B983438","inv-203"
"7/20/2026","15:40:20","Credit","EUR","8341.50",,"Payment from NORDIVENTA OU to Ad Rice EUR ACCOUNT","4B983438","inv-203"
"7/20/2026","13:47:38","Debit","EUR","-8.20",,"Receiving Fee","DFADAF12","invoice inv-190it"
"7/20/2026","13:47:38","Credit","EUR","15000.00",,"Payment from Bizzer LLC to Ad Rice EUR ACCOUNT","DFADAF12","invoice inv-190it"
"7/20/2026","10:35:48","Debit","EUR","-2.65",,"Processing Fee","01B83EEF","inv 45838"
"7/20/2026","10:35:48","Debit","EUR","-14.29",,"Fx Fee","01B83EEF","inv 45838"
"7/20/2026","10:35:48","Debit","EUR","-4067.34","RASHA M.A. ALTAHER","Transfer to RASHA M.A. ALTAHER","01B83EEF","inv 45838"
"7/20/2026","10:12:39","Debit","EUR","-2.65",,"Processing Fee","186F4DE5","Fattura del 16 luglio 2026"
"7/20/2026","10:12:39","Debit","EUR","-38676.00","Leagix Sagl","Transfer to Leagix Sagl","186F4DE5","Fattura del 16 luglio 2026"
"7/20/2026","10:11:01","Debit","EUR","-2.65",,"Processing Fee","6FF919C1","nr. FPR 5/26 del 15/07/2026"
"7/20/2026","10:11:01","Debit","EUR","-3002.00","Melissa Spagnolo","Transfer to Melissa Spagnolo","6FF919C1","nr. FPR 5/26 del 15/07/2026"
"7/20/2026","10:10:06","Debit","EUR","-2.65",,"Processing Fee","D224E9D1","No. 54548330"
"7/20/2026","10:10:06","Debit","EUR","-10325.00","BAISANU DIGITAL S.R.L.","Transfer to BAISANU DIGITAL S.R.L.","D224E9D1","No. 54548330"
"7/20/2026","06:42:34","Debit","EUR","-9.37",,"Receiving Fee","2AEA4552","advance payment 1/4 invoice n 175 date 30/06/2026"
"7/20/2026","06:42:34","Credit","EUR","17335.00",,"Payment from Netmart LLC to Ad Rice EUR ACCOUNT","2AEA4552","advance payment 1/4 invoice n 175 date 30/06/2026"
"7/18/2026","16:08:43","Debit","EUR","-2.65",,"Processing Fee","2AAB919A","INVOICE no. 58/2026 of 2026-07-17"
"7/18/2026","16:08:43","Debit","EUR","-26950.00","MANY LEADS S.R.L.","Transfer to MANY LEADS S.R.L.","2AAB919A","INVOICE no. 58/2026 of 2026-07-17"
"7/18/2026","16:07:28","Debit","EUR","-2.65",,"Processing Fee","50928B27","278 del 17/07/2026"
"7/18/2026","16:07:28","Debit","EUR","-1827.00","Spoladori Davide (new Iban HYPE)","Transfer to Spoladori Davide (new Iban HYPE)","50928B27","278 del 17/07/2026"
"7/18/2026","16:04:04","Debit","EUR","-2.65",,"Processing Fee","C8E42D74","29/2026"
"7/18/2026","16:04:04","Debit","EUR","-156.00","ZONE di Sebastiano Bazzanella","Transfer to ZONE di Sebastiano Bazzanella","C8E42D74","29/2026"
"7/18/2026","16:01:09","Debit","EUR","-2.65",,"Processing Fee","1E7603C7","no. 3/2026 of 2026-07-16"
"7/18/2026","16:01:09","Debit","EUR","-14348.00","WEPROD S.R.L","Transfer to WEPROD S.R.L","1E7603C7","no. 3/2026 of 2026-07-16"
"7/18/2026","15:59:21","Debit","EUR","-2.65",,"Processing Fee","D4593EB5","LT253250040325102004"
"7/18/2026","15:59:21","Debit","EUR","-1227.00","TC ADVERTISING SRLS","Transfer to TC ADVERTISING SRLS","D4593EB5","LT253250040325102004"
"7/18/2026","15:57:47","Debit","EUR","-2.65",,"Processing Fee","A12E4B06","BO 0487"
"7/18/2026","15:57:47","Debit","EUR","-4672.00","BORN ONLINE S.R.L.","Transfer to BORN ONLINE S.R.L.","A12E4B06","BO 0487"
"7/18/2026","15:55:30","Debit","EUR","-2.65",,"Processing Fee","F9B808D7","n. 1/62 del 15 Luglio 2026"
"7/18/2026","15:55:30","Debit","EUR","-1176.00","LIPRERI SRL","Transfer to LIPRERI SRL","F9B808D7","n. 1/62 del 15 Luglio 2026"
"7/17/2026","15:16:53","Debit","EUR","-2.65",,"Processing Fee","E7AE76D0",
"7/17/2026","15:16:53","Debit","EUR","-153.51",,"Fx Fee","E7AE76D0",
"7/17/2026","15:16:53","Debit","EUR","-43706.30","COD KINGDOM LLC SLASH","Transfer to COD KINGDOM LLC SLASH","E7AE76D0",
"7/17/2026","15:13:05","Debit","EUR","-17.29",,"Receiving Fee","6AFEB750","Inv-201"
"7/17/2026","15:13:05","Credit","EUR","33178.00",,"Payment from NORDIVENTA to Ad Rice EUR ACCOUNT","6AFEB750","Inv-201"
"7/17/2026","13:27:24","Debit","EUR","-8.64",,"Receiving Fee","A0D2AD2D","inv-200"
"7/17/2026","13:27:24","Credit","EUR","15877.50",,"Payment from NORDIVENTA OU to Ad Rice EUR ACCOUNT","A0D2AD2D","inv-200"
"7/17/2026","10:33:23","Debit","EUR","-7.05",,"Processing Fee","EC67C3FE",
"7/17/2026","10:33:23","Debit","EUR","-46.09",,"Fx Fee","EC67C3FE",
"7/17/2026","10:33:23","Debit","EUR","-13119.92","GLOBAL INTEGRATED MARKETING","Transfer to GLOBAL INTEGRATED MARKETING","EC67C3FE",
"7/16/2026","15:29:00","Debit","EUR","-5.70",,"Receiving Fee","D6C405F9","4 adv payment invoice inv-174"
"7/16/2026","15:29:00","Credit","EUR","10000.00",,"Payment from Bizzer LLC to Ad Rice EUR ACCOUNT","D6C405F9","4 adv payment invoice inv-174"
"7/15/2026","15:20:03","Debit","EUR","-7.05",,"Processing Fee","6AA2E26C","marketing invoice"
"7/15/2026","15:20:03","Debit","EUR","-46.07",,"Fx Fee","6AA2E26C","marketing invoice"
"7/15/2026","15:20:03","Debit","EUR","-13115.33","UL Digital (HK) Technology Co., Limited","Transfer to UL Digital (HK) Technology Co., Limited","6AA2E26C","marketing invoice"
"7/15/2026","15:18:07","Debit","EUR","-7.05",,"Processing Fee","3F03221F","inv: 00000000012"
"7/15/2026","15:18:07","Debit","EUR","-8500.00","ROMEO 2022 LLC","Transfer to ROMEO 2022 LLC","3F03221F","inv: 00000000012"
"7/15/2026","15:15:49","Debit","EUR","-7.05",,"Processing Fee","4A15D4CD","inv 79"
"7/15/2026","15:15:49","Debit","EUR","-5000.00","DataWave Creative LLC","Transfer to DataWave Creative LLC","4A15D4CD","inv 79"
"7/15/2026","12:52:31","Debit","EUR","-2.65",,"Processing Fee","5E26D9DE","inv 23/26"
"7/15/2026","12:52:31","Debit","EUR","-28395.00","Feel s.r.l.","Transfer to Feel s.r.l.","5E26D9DE","inv 23/26"
"7/15/2026","10:25:56","Debit","EUR","-2.65",,"Processing Fee","430CD35D","17/2026 of 2026-07-14"
"7/15/2026","10:25:56","Debit","EUR","-10536.00","MARE S.R.L. unipersonale","Transfer to MARE S.R.L. unipersonale","430CD35D","17/2026 of 2026-07-14"
"7/15/2026","10:24:40","Debit","EUR","-2.65",,"Processing Fee","29F3C0B0","N Factura 16/2026"
"7/15/2026","10:24:40","Debit","EUR","-672.00","Alya Adv SL","Transfer to Alya Adv SL","29F3C0B0","N Factura 16/2026"
"7/15/2026","10:21:10","Debit","EUR","-2.65",,"Processing Fee","F7A476A7","INVOICEN. 201287257"
"7/15/2026","10:21:10","Debit","EUR","-8248.00","WSCP LLC (fr_giro)","Transfer to WSCP LLC (fr_giro)","F7A476A7","INVOICEN. 201287257"
"7/15/2026","08:00:01","Debit","EUR","-6.74",,"Receiving Fee","EDB1DCDF","Inv-195"
"7/15/2026","08:00:01","Credit","EUR","12067.00",,"Payment from NORDIVENTA to Ad Rice EUR ACCOUNT","EDB1DCDF","Inv-195"
"7/15/2026","06:42:20","Debit","EUR","-12.24",,"Receiving Fee","12D598A5","inv-196"
"7/15/2026","06:42:20","Credit","EUR","23070.50",,"Payment from NORDIVENTA OU to Ad Rice EUR ACCOUNT","12D598A5","inv-196"
"7/14/2026","15:31:49","Debit","EUR","-8.20",,"Receiving Fee","E6C4266F","3 adv payment invocie inv-174"
"7/14/2026","15:31:49","Credit","EUR","15000.00",,"Payment from Bizzer LLC to Ad Rice EUR ACCOUNT","E6C4266F","3 adv payment invocie inv-174"
"7/14/2026","10:02:52","Debit","EUR","-2.65",,"Processing Fee","A11C0D6E","INV2607193"
"7/14/2026","10:02:52","Debit","EUR","-1475.00","CSW Scale OÜ (LT IBAN)","Transfer to CSW Scale OÜ (LT IBAN)","A11C0D6E","INV2607193"
"7/14/2026","10:01:42","Debit","EUR","-2.65",,"Processing Fee","FA26ED9A","fattura nr. 268 del 13/07/202"
"7/14/2026","10:01:42","Debit","EUR","-4004.00","Spoladori Davide","Transfer to Spoladori Davide","FA26ED9A","fattura nr. 268 del 13/07/202"
"7/14/2026","10:00:21","Debit","EUR","-7.05",,"Processing Fee","B243A8C1","2026071302"
"7/14/2026","10:00:21","Debit","EUR","-10500.00","MG Media Tech LLC","Transfer to MG Media Tech LLC","B243A8C1","2026071302"
"7/14/2026","09:24:44","Debit","EUR","-7.05",,"Processing Fee","343BDD47","inv 72 Jul 14  2026"
"7/14/2026","09:24:44","Debit","EUR","-2000.00","DataWave Creative LLC","Transfer to DataWave Creative LLC","343BDD47","inv 72 Jul 14  2026"
"7/14/2026","02:11:56","Debit","EUR","-42.05",,"Receiving Fee","6BD140C6","/REF/ Internal Fund transfer internal bank account company transfer"
"7/14/2026","02:11:56","Credit","EUR","70000.00",,"Payment from ADRICE LLC FZ to Ad Rice EUR ACCOUNT","6BD140C6","/REF/ Internal Fund transfer internal bank account company transfer"
"7/13/2026","20:04:51","Debit","EUR","-8.47",,"Receiving Fee","B2CF86C5","Inv-193 part 1"
"7/13/2026","20:04:51","Credit","EUR","15540.00",,"Payment from NORDIVENTA to Ad Rice EUR ACCOUNT","B2CF86C5","Inv-193 part 1"
"7/13/2026","20:03:52","Debit","EUR","-10.23",,"Receiving Fee","37AE747F","balance payment 4/4 invoice n INV-153 date 18/06/2026"
"7/13/2026","20:03:52","Credit","EUR","19055.00",,"Payment from Netmart LLC to Ad Rice EUR ACCOUNT","37AE747F","balance payment 4/4 invoice n INV-153 date 18/06/2026"
"7/13/2026","20:01:12","Debit","EUR","-9.82",,"Receiving Fee","4A0A3AF2","1 adv payment invoice inv-174"
"7/13/2026","20:01:12","Credit","EUR","18240.00",,"Payment from Bizzer LLC to Ad Rice EUR ACCOUNT","4A0A3AF2","1 adv payment invoice inv-174"
"7/13/2026","18:07:30","Debit","EUR","-13.73",,"Receiving Fee","0C7DD854","inv-192"
"7/13/2026","18:07:30","Credit","EUR","26054.50",,"Payment from NORDIVENTA OU to Ad Rice EUR ACCOUNT","0C7DD854","inv-192"
"7/13/2026","17:15:10","Debit","EUR","-5.70",,"Receiving Fee","1253CAC6","2 adv payment invoice inv-174"
"7/13/2026","17:15:10","Credit","EUR","10000.00",,"Payment from Bizzer LLC to Ad Rice EUR ACCOUNT","1253CAC6","2 adv payment invoice inv-174"
"7/13/2026","16:36:37","Debit","EUR","-7.05",,"Processing Fee","5E7D6DC3",
"7/13/2026","16:36:37","Debit","EUR","-46.28",,"Fx Fee","5E7D6DC3",
"7/13/2026","16:36:37","Debit","EUR","-13175.24","GLOBAL INTEGRATED MARKETING","Transfer to GLOBAL INTEGRATED MARKETING","5E7D6DC3",
"7/13/2026","16:28:21","Debit","EUR","-2.65",,"Processing Fee","565F2B1C","Fattura di vendita n. 11 del 04/07/2026"
"7/13/2026","16:28:21","Debit","EUR","-7500.00","AGRO' MASSIMO AGESILAO","Transfer to AGRO' MASSIMO AGESILAO","565F2B1C","Fattura di vendita n. 11 del 04/07/2026"
"7/13/2026","15:51:44","Debit","EUR","-7.05",,"Processing Fee","99B774DC","marketing service"
"7/13/2026","15:51:44","Debit","EUR","-61.63",,"Fx Fee","99B774DC","marketing service"
"7/13/2026","15:51:44","Debit","EUR","-17545.40","TECDO HONG KONG LIMITED","Transfer to TECDO HONG KONG LIMITED","99B774DC","marketing service"
"7/13/2026","15:49:25","Debit","EUR","-7.05",,"Processing Fee","5FD2C4A9","marketing campaings"
"7/13/2026","15:49:25","Debit","EUR","-46.23",,"Fx Fee","5FD2C4A9","marketing campaings"
"7/13/2026","15:49:25","Debit","EUR","-13160.21","VIDAU TECHNOLOGY LIMITED","Transfer to VIDAU TECHNOLOGY LIMITED","5FD2C4A9","marketing campaings"
"7/13/2026","08:54:18","Debit","EUR","-2.65",,"Processing Fee","CDA02039","fattura RE-00067-2023"
"7/13/2026","08:54:18","Debit","EUR","-52976.00","Databrand sagl","Transfer to Databrand sagl","CDA02039","fattura RE-00067-2023"
"7/12/2026","23:00:45","Debit","EUR","-8.81",,"Receiving Fee","D15EFF5B","INV-193 part 2 last"
"7/12/2026","23:00:45","Credit","EUR","16219.50",,"Payment from NORDIVENTA OU to Ad Rice EUR ACCOUNT","D15EFF5B","INV-193 part 2 last"
"7/11/2026","16:13:19","Debit","EUR","-2.65",,"Processing Fee","2425C825","nr. FPR 41/26 del 11/07/2026"
"7/11/2026","16:13:19","Debit","EUR","-1442.00","TC ADVERTISING SRLS","Transfer to TC ADVERTISING SRLS","2425C825","nr. FPR 41/26 del 11/07/2026"
"7/11/2026","16:11:08","Debit","EUR","-2.65",,"Processing Fee","E8DC702F","14/2026 of 2026-07-10"
"7/11/2026","16:11:08","Debit","EUR","-38572.00","MARE S.R.L. unipersonale","Transfer to MARE S.R.L. unipersonale","E8DC702F","14/2026 of 2026-07-10"
"7/10/2026","19:57:57","Debit","EUR","-82.00",,"Receiving Fee","79D00DDB","/REF/ INTERNAL FUND TRANSFER"
"7/10/2026","19:57:57","Credit","EUR","150000.00",,"Payment from ADRICE LLC FZ to Ad Rice EUR ACCOUNT","79D00DDB","/REF/ INTERNAL FUND TRANSFER"
"7/10/2026","18:12:05","Debit","EUR","-7.47",,"Fx Fee","ACF4BD75",
"7/10/2026","18:12:05","Debit","EUR","-2125.95",,"Convert to USD","ACF4BD75",
"7/10/2026","18:02:36","Debit","EUR","-2.65",,"Processing Fee","3AEEDB82","FATTURA nr. 40/2026 del 08/07/2026"
"7/10/2026","18:02:36","Debit","EUR","-5514.00","Money From Digital di Simone Ingrosso","Transfer to Money From Digital di Simone Ingrosso","3AEEDB82","FATTURA nr. 40/2026 del 08/07/2026"
"7/10/2026","18:01:39","Debit","EUR","-2.65",,"Processing Fee","E77781EE","Fattura n. 7 del 06/07/2026"
"7/10/2026","18:01:39","Debit","EUR","-11552.00","PICCOLO STEFANO","Transfer to PICCOLO STEFANO","E77781EE","Fattura n. 7 del 06/07/2026"
"7/10/2026","16:39:34","Debit","EUR","-2.65",,"Processing Fee","C258798E","nr. FPR 26/26 del 10/07/2026"
"7/10/2026","16:39:34","Debit","EUR","-3095.00","ANTANA SRLS","Transfer to ANTANA SRLS","C258798E","nr. FPR 26/26 del 10/07/2026"
"7/10/2026","16:26:27","Debit","EUR","-2.65",,"Processing Fee","8BC11674","INVOICE NO.: CS/2026-07/100"
"7/10/2026","16:26:27","Debit","EUR","-5.99",,"Fx Fee","8BC11674","INVOICE NO.: CS/2026-07/100"
"7/10/2026","16:26:27","Debit","EUR","-1704.70","Clicksense LLC","Transfer to Clicksense LLC","8BC11674","INVOICE NO.: CS/2026-07/100"
"7/10/2026","16:24:20","Debit","EUR","-2.65",,"Processing Fee","E6994542","nr. FPR 6/26 del 09/07/2026"
"7/10/2026","16:24:20","Debit","EUR","-5000.00","STEFANO DI GIOVANNI (new Iban)","Transfer to STEFANO DI GIOVANNI (new Iban)","E6994542","nr. FPR 6/26 del 09/07/2026"
"7/10/2026","16:22:42","Debit","EUR","-2.65",,"Processing Fee","4FDA02A4","Tipologia documento: TD01 (fattura) n. 1/59 del 09 Luglio 2026"
"7/10/2026","16:22:42","Debit","EUR","-1006.00","LIPRERI SRL","Transfer to LIPRERI SRL","4FDA02A4","Tipologia documento: TD01 (fattura) n. 1/59 del 09 Luglio 2026"
"7/10/2026","16:21:02","Debit","EUR","-2.65",,"Processing Fee","0FDFC231","nr. FPR 39/26 del 08/07/2026"
"7/10/2026","16:21:02","Debit","EUR","-1344.00","TC ADVERTISING SRLS","Transfer to TC ADVERTISING SRLS","0FDFC231","nr. FPR 39/26 del 08/07/2026"
"7/10/2026","16:19:39","Debit","EUR","-2.65",,"Processing Fee","3B278617","nr. FPR 35/26 del 07/07/2026"
"7/10/2026","16:19:39","Debit","EUR","-5887.00","NCM srls","Transfer to NCM srls","3B278617","nr. FPR 35/26 del 07/07/2026"
"7/10/2026","16:17:46","Debit","EUR","-2.65",,"Processing Fee","01F9D9AD","inv 224"
"7/10/2026","16:17:46","Debit","EUR","-9000.00","LEVANTIN SRL","Transfer to LEVANTIN SRL","01F9D9AD","inv 224"
"7/10/2026","16:15:38","Debit","EUR","-2.65",,"Processing Fee","6ED91DB8","Invoice no: 109"
"7/10/2026","16:15:38","Debit","EUR","-5800.00","Lead Busters LLC","Transfer to Lead Busters LLC","6ED91DB8","Invoice no: 109"
"7/10/2026","16:12:23","Debit","EUR","-2.65",,"Processing Fee","628FBD5C","INVOICE no. 422/2026 of 2026-07-07"
"7/10/2026","16:12:23","Debit","EUR","-57448.00","ZARK S.R.L.","Transfer to ZARK S.R.L.","628FBD5C","INVOICE no. 422/2026 of 2026-07-07"
"7/10/2026","08:38:53","Debit","EUR","-2.65",,"Processing Fee","32F83F80","FT-2026/027"
"7/10/2026","08:38:53","Debit","EUR","-87.70",,"Fx Fee","32F83F80","FT-2026/027"
"7/10/2026","08:38:53","Debit","EUR","-24967.21","Unbreakable Network Media LLC (mercury)","Transfer to Unbreakable Network Media LLC (mercury)","32F83F80","FT-2026/027"
"7/10/2026","08:35:07","Debit","EUR","-7.00",,"Processing Fee","00E28D79",
"7/10/2026","08:35:07","Debit","EUR","-30.72",,"Fx Fee","00E28D79",
"7/10/2026","08:35:07","Debit","EUR","-8745.09","GLOBAL INTEGRATED MARKETING","Transfer to GLOBAL INTEGRATED MARKETING","00E28D79",
"7/9/2026","15:24:18","Debit","EUR","-4.61",,"Receiving Fee","62336FDF","INV-182"
"7/9/2026","15:24:18","Credit","EUR","7801.00",,"Payment from NORDIVENTA OU to Ad Rice EUR ACCOUNT","62336FDF","INV-182"
"7/9/2026","15:23:58","Debit","EUR","-5.19",,"Receiving Fee","589FFAC0","Inv-179 part 2"
"7/9/2026","15:23:58","Credit","EUR","8975.00",,"Payment from NORDIVENTA to Ad Rice EUR ACCOUNT","589FFAC0","Inv-179 part 2"
"7/9/2026","15:23:58","Debit","EUR","-8.22",,"Receiving Fee","43283F70","Inv-183"
"7/9/2026","15:23:58","Credit","EUR","15039.50",,"Payment from NORDIVENTA to Ad Rice EUR ACCOUNT","43283F70","Inv-183"
"7/9/2026","15:21:39","Debit","EUR","-10.58",,"Receiving Fee","72511C18","INV-180"
"7/9/2026","15:21:39","Credit","EUR","19746.00",,"Payment from NORDIVENTA OU to Ad Rice EUR ACCOUNT","72511C18","INV-180"
"7/9/2026","15:21:39","Debit","EUR","-0.75",,"Receiving Fee","2B6802E2","INV-179 part 2 last"
"7/9/2026","15:21:39","Credit","EUR","95.00",,"Payment from NORDIVENTA OU to Ad Rice EUR ACCOUNT","2B6802E2","INV-179 part 2 last"
"7/9/2026","06:47:05","Debit","EUR","-10.70",,"Receiving Fee","C59CB3EC","2 adv payment invoice inv-167it"
"7/9/2026","06:47:05","Credit","EUR","20000.00",,"Payment from Bizzer LLC to Ad Rice EUR ACCOUNT","C59CB3EC","2 adv payment invoice inv-167it"
"7/8/2026","14:35:56","Debit","EUR","-7.00",,"Processing Fee","254CEE14",
"7/8/2026","14:35:56","Debit","EUR","-46.20",,"Fx Fee","254CEE14",
"7/8/2026","14:35:56","Debit","EUR","-13150.98","UL Digital (HK) Technology Co., Limited","Transfer to UL Digital (HK) Technology Co., Limited","254CEE14",
"7/8/2026","14:34:57","Debit","EUR","-7.00",,"Processing Fee","B9810367",
"7/8/2026","14:34:57","Debit","EUR","-46.20",,"Fx Fee","B9810367",
"7/8/2026","14:34:57","Debit","EUR","-13150.98","GLOBAL INTEGRATED MARKETING","Transfer to GLOBAL INTEGRATED MARKETING","B9810367",
"7/8/2026","13:34:41","Debit","EUR","-10.70",,"Receiving Fee","4D214359","1 adv payment invoice inv-167it"
"7/8/2026","13:34:41","Credit","EUR","20000.00",,"Payment from Bizzer LLC to Ad Rice EUR ACCOUNT","4D214359","1 adv payment invoice inv-167it"
"7/7/2026","15:24:33","Debit","EUR","-1.20",,"Receiving Fee","A4241CC6","Inv-185 part 2 last"
"7/7/2026","15:24:33","Credit","EUR","1000.00",,"Payment from NORDIVENTA to Ad Rice EUR ACCOUNT","A4241CC6","Inv-185 part 2 last"
"7/7/2026","15:23:13","Debit","EUR","-7.19",,"Receiving Fee","76BA22A4","inv-185 part 1"
"7/7/2026","15:23:13","Credit","EUR","12967.50",,"Payment from NORDIVENTA OU to Ad Rice EUR ACCOUNT","76BA22A4","inv-185 part 1"
"7/7/2026","12:50:43","Debit","EUR","-2.65",,"Processing Fee","3FA2F14D","INVOICE no. 9/2026 of 2026-06-30"
"7/7/2026","12:50:43","Debit","EUR","-2860.00","Alessandro Nardecchia","Transfer to Alessandro Nardecchia","3FA2F14D","INVOICE no. 9/2026 of 2026-06-30"
"7/7/2026","12:49:23","Debit","EUR","-2.65",,"Processing Fee","CFC793C7","invoice 10"
"7/7/2026","12:49:23","Debit","EUR","-6208.00","Daniele NArdecchia","Transfer to Daniele NArdecchia","CFC793C7","invoice 10"
"7/7/2026","12:05:00","Debit","EUR","-2.65",,"Processing Fee","63DF0A4E","Fattura n. 21 del 03/07/2026"
"7/7/2026","12:05:00","Debit","EUR","-2855.00","CARGNELUTTI MATTEO","Transfer to CARGNELUTTI MATTEO","63DF0A4E","Fattura n. 21 del 03/07/2026"
"7/7/2026","12:03:55","Debit","EUR","-2.65",,"Processing Fee","7486A14C","INVOICE no. 10/2026 of 2026-07-01"
"7/7/2026","12:03:55","Debit","EUR","-3726.00","Francesca Ciotoli","Transfer to Francesca Ciotoli","7486A14C","INVOICE no. 10/2026 of 2026-07-01"
"7/7/2026","12:01:36","Debit","EUR","-2.65",,"Processing Fee","C3E13CAE","FATTURA  7"
"7/7/2026","12:01:36","Debit","EUR","-2229.82","MANUEL MARONGIU","Transfer to MANUEL MARONGIU","C3E13CAE","FATTURA  7"
"7/7/2026","11:59:16","Debit","EUR","-2.65",,"Processing Fee","DBDA1F12","Fattura n. 5-26"
"7/7/2026","11:59:16","Debit","EUR","-1140.00","Mattia Luigi D'Amely Melodia","Transfer to Mattia Luigi D'Amely Melodia","DBDA1F12","Fattura n. 5-26"
"7/7/2026","11:56:15","Debit","EUR","-2.65",,"Processing Fee","2E9E97FF","INVOICE  1"
"7/7/2026","11:56:15","Debit","EUR","-1684.00","QUANTUM MEDIA STRATEGY LLC","Transfer to QUANTUM MEDIA STRATEGY LLC","2E9E97FF","INVOICE  1"
"7/7/2026","11:41:43","Debit","EUR","-2.65",,"Processing Fee","5C11D0EB","marketing service"
"7/7/2026","11:41:43","Debit","EUR","-153.57",,"Fx Fee","5C11D0EB","marketing service"
"7/7/2026","11:41:43","Debit","EUR","-43721.59","COD KINGDOM LLC SLASH","Transfer to COD KINGDOM LLC SLASH","5C11D0EB","marketing service"
"7/7/2026","07:39:25","Debit","EUR","-10.70",,"Receiving Fee","ED8EEDD9","payment invoice inv-177it"
"7/7/2026","07:39:25","Credit","EUR","20000.00",,"Payment from Bizzer LLC to Ad Rice EUR ACCOUNT","ED8EEDD9","payment invoice inv-177it"
"7/7/2026","07:39:05","Debit","EUR","-10.23",,"Receiving Fee","FD4B0C43","advance payment 3/4 invoice n INV-153 date 18/06/2026"
"7/7/2026","07:39:05","Credit","EUR","19055.00",,"Payment from Netmart LLC to Ad Rice EUR ACCOUNT","FD4B0C43","advance payment 3/4 invoice n INV-153 date 18/06/2026"
"7/6/2026","17:47:43","Debit","EUR","-2.65",,"Processing Fee","51E30796","INVOICE CWW000511"
"7/6/2026","17:47:43","Debit","EUR","-1956.00","COSWORLD STRATEGIC CONSULT S.R.L.","Transfer to COSWORLD STRATEGIC CONSULT S.R.L.","51E30796","INVOICE CWW000511"
"7/6/2026","17:45:53","Debit","EUR","-2.65",,"Processing Fee","EA6AEB1D","nr. FPR 36/26 del 05/07/2026 Data invio: 05/07/2026"
"7/6/2026","17:45:53","Debit","EUR","-1192.00","TC ADVERTISING SRLS","Transfer to TC ADVERTISING SRLS","EA6AEB1D","nr. FPR 36/26 del 05/07/2026 Data invio: 05/07/2026"
"7/6/2026","17:44:03","Debit","EUR","-2.65",,"Processing Fee","B49DF6C0","INVOICE no. 420/2026 of 2026-07-04"
"7/6/2026","17:44:03","Debit","EUR","-21432.00","ZARK S.R.L.","Transfer to ZARK S.R.L.","B49DF6C0","INVOICE no. 420/2026 of 2026-07-04"
"7/6/2026","17:41:45","Debit","EUR","-2.65",,"Processing Fee","7289DBFF","no. 7/2026 of 2026-07-03"
"7/6/2026","17:41:45","Debit","EUR","-45000.00","MARE S.R.L. unipersonale","Transfer to MARE S.R.L. unipersonale","7289DBFF","no. 7/2026 of 2026-07-03"
"7/6/2026","17:37:13","Debit","EUR","-2.65",,"Processing Fee","C184FB47","258 del 03/07/2026"
"7/6/2026","17:37:13","Debit","EUR","-1579.00","Spoladori Davide","Transfer to Spoladori Davide","C184FB47","258 del 03/07/2026"
"7/6/2026","17:29:28","Debit","EUR","-2.65",,"Processing Fee","50B745C6","INVOICEN. 201287250"
"7/6/2026","17:29:28","Debit","EUR","-5579.00","WSCP LLC (fr_giro)","Transfer to WSCP LLC (fr_giro)","50B745C6","INVOICEN. 201287250"
"7/6/2026","15:26:23","Debit","EUR","-4.11",,"Receiving Fee","8CFDC55F","INV-186 PART 2 LAST"
"7/6/2026","15:26:23","Credit","EUR","6809.50",,"Payment from NORDIVENTA to Ad Rice EUR ACCOUNT","8CFDC55F","INV-186 PART 2 LAST"
"7/6/2026","15:26:22","Debit","EUR","-5.30",,"Receiving Fee","E4B43BC0","INV-186 PART 1"
"7/6/2026","15:26:22","Credit","EUR","9200.00",,"Payment from NORDIVENTA OU to Ad Rice EUR ACCOUNT","E4B43BC0","INV-186 PART 1"
"7/6/2026","13:34:33","Debit","EUR","-7.00",,"Processing Fee","0FB64AD2","marketing service"
"7/6/2026","13:34:33","Debit","EUR","-61.52",,"Fx Fee","0FB64AD2","marketing service"
"7/6/2026","13:34:33","Debit","EUR","-17513.14","TECDO HONG KONG LIMITED","Transfer to TECDO HONG KONG LIMITED","0FB64AD2","marketing service"
"7/6/2026","13:33:12","Debit","EUR","-7.00",,"Processing Fee","D756C49E","marketing ADV"
"7/6/2026","13:33:12","Debit","EUR","-46.14",,"Fx Fee","D756C49E","marketing ADV"
"7/6/2026","13:33:12","Debit","EUR","-13134.86","GLOBAL INTEGRATED MARKETING","Transfer to GLOBAL INTEGRATED MARKETING","D756C49E","marketing ADV"
"7/3/2026","15:13:14","Debit","EUR","-2.65",,"Processing Fee","6E5EE398","Fattura n. 9 del 29/06/2026"
"7/3/2026","15:13:14","Debit","EUR","-4581.00","BELTRAN BELTRAN EVA MARINA","Transfer to BELTRAN BELTRAN EVA MARINA","6E5EE398","Fattura n. 9 del 29/06/2026"
"7/3/2026","15:12:23","Debit","EUR","-2.65",,"Processing Fee","CF33ABE3","Fattura n. 9 del 29/06/2026"
"7/3/2026","15:12:23","Debit","EUR","-4581.00","ESPOSITO ALESSIO","Transfer to ESPOSITO ALESSIO","CF33ABE3","Fattura n. 9 del 29/06/2026"
"7/3/2026","15:09:45","Debit","EUR","-2.65",,"Processing Fee","66AF082C","Fattura n. 17 del 29/06/2026"
"7/3/2026","15:09:45","Debit","EUR","-7849.00","ICARDI VERONICA","Transfer to ICARDI VERONICA","66AF082C","Fattura n. 17 del 29/06/2026"
"7/3/2026","15:08:31","Debit","EUR","-2.65",,"Processing Fee","1CA4822A","Fattura Numero: 4 01.07.2026"
"7/3/2026","15:08:31","Debit","EUR","-13543.00","PotiRiccardo","Transfer to PotiRiccardo","1CA4822A","Fattura Numero: 4 01.07.2026"
"7/3/2026","13:21:47","Debit","EUR","-2.65",,"Processing Fee","2B90D336","INVOICE NO.: CS/2026-07/95 DATE: 03/07/2026"
"7/3/2026","13:21:47","Debit","EUR","-7.03",,"Fx Fee","2B90D336","INVOICE NO.: CS/2026-07/95 DATE: 03/07/2026"
"7/3/2026","13:21:47","Debit","EUR","-2001.23","Clicksense LLC","Transfer to Clicksense LLC","2B90D336","INVOICE NO.: CS/2026-07/95 DATE: 03/07/2026"
"7/3/2026","13:20:12","Debit","EUR","-2.65",,"Processing Fee","610B7E34","TD01 (fattura)"
"7/3/2026","13:20:12","Debit","EUR","-3838.00","LIPRERI SRL","Transfer to LIPRERI SRL","610B7E34","TD01 (fattura)"
"7/3/2026","13:06:21","Debit","EUR","-2.65",,"Processing Fee","FAFE80F9","nr. FPR 35/26 del 01/07/2026 Data invio: 01/07/2026"
"7/3/2026","13:06:21","Debit","EUR","-1690.00","TC ADVERTISING SRLS","Transfer to TC ADVERTISING SRLS","FAFE80F9","nr. FPR 35/26 del 01/07/2026 Data invio: 01/07/2026"
"7/3/2026","11:50:22","Debit","EUR","-8.70",,"Receiving Fee","2531DBB6","closing invoice inv-154"
"7/3/2026","11:50:22","Credit","EUR","16000.00",,"Payment from Bizzer LLC to Ad Rice EUR ACCOUNT","2531DBB6","closing invoice inv-154"
"7/3/2026","10:48:40","Debit","EUR","-82.05",,"Receiving Fee","54D4E964","/REF/ INTER COMPANY TRANSFER"
"7/3/2026","10:48:40","Credit","EUR","150000.00",,"Payment from ADRICE LLC FZ to Ad Rice EUR ACCOUNT","54D4E964","/REF/ INTER COMPANY TRANSFER"
"7/3/2026","08:06:43","Debit","EUR","-7.05",,"Processing Fee","E8EA3F44",
"7/3/2026","08:06:43","Debit","EUR","-30.67",,"Fx Fee","E8EA3F44",
"7/3/2026","08:06:43","Debit","EUR","-8730.58","UL Digital (HK) Technology Co., Limited","Transfer to UL Digital (HK) Technology Co., Limited","E8EA3F44",
"7/3/2026","07:04:01","Debit","EUR","-9.70",,"Receiving Fee","859C74BD","4 adv payment inv-154"
"7/3/2026","07:04:01","Credit","EUR","18000.00",,"Payment from Bizzer LLC to Ad Rice EUR ACCOUNT","859C74BD","4 adv payment inv-154"
"7/2/2026","14:30:57","Debit","EUR","-2.65",,"Processing Fee","8EF11B26","proforma 4504"
"7/2/2026","14:30:57","Debit","EUR","-1448.00","Traffic Manager Group S.R.L.","Transfer to Traffic Manager Group S.R.L.","8EF11B26","proforma 4504"
"7/2/2026","14:26:41","Debit","EUR","-2.65",,"Processing Fee","7C2E487C","Invoice no. / Faktura nr FV/2/06/2026"
"7/2/2026","14:26:41","Debit","EUR","-3100.00","AdCore Mariusz Siwiec","Transfer to AdCore Mariusz Siwiec","7C2E487C","Invoice no. / Faktura nr FV/2/06/2026"
"7/2/2026","12:56:49","Debit","EUR","-5.70",,"Receiving Fee","B16893BE","3 adv payment inv-154"
"7/2/2026","12:56:49","Credit","EUR","10000.00",,"Payment from Bizzer LLC to Ad Rice EUR ACCOUNT","B16893BE","3 adv payment inv-154"
"7/1/2026","18:46:29","Debit","EUR","-2.65",,"Processing Fee","2E94BF04","INVOICE no. 53/2026 of 2026-06-30"
"7/1/2026","18:46:29","Debit","EUR","-44175.00","MANY LEADS S.R.L.","Transfer to MANY LEADS S.R.L.","2E94BF04","INVOICE no. 53/2026 of 2026-06-30"
"7/1/2026","18:45:03","Debit","EUR","-2.65",,"Processing Fee","7433CE9B","Invoice no: 105"
"7/1/2026","18:45:03","Debit","EUR","-5680.00","Lead Busters LLC (Germany)","Transfer to Lead Busters LLC (Germany)","7433CE9B","Invoice no: 105"
"7/1/2026","12:06:26","Debit","EUR","-9.62",,"Receiving Fee","75A17B2C","inv-173 part 2 last"
"7/1/2026","12:06:26","Credit","EUR","17827.00",,"Payment from SMARTMEDIASOLVING OU to Ad Rice EUR ACCOUNT","75A17B2C","inv-173 part 2 last"
"7/1/2026","09:01:32","Debit","EUR","-2.65",,"Processing Fee","9A56A8F1","nr. FPR 4/26 del 23/06/2026 Data invio: 23/06/2026"
"7/1/2026","09:01:32","Debit","EUR","-6002.00","Melissa Spagnolo","Transfer to Melissa Spagnolo","9A56A8F1","nr. FPR 4/26 del 23/06/2026 Data invio: 23/06/2026"
"7/1/2026","08:37:44","Debit","EUR","-8.20",,"Receiving Fee","8444A2B7","2 adv payment invoice 147it"
"7/1/2026","08:37:44","Credit","EUR","15000.00",,"Payment from Bizzer LLC to Ad Rice EUR ACCOUNT","8444A2B7","2 adv payment invoice 147it"
"7/1/2026","08:36:42","Debit","EUR","-2.65",,"Processing Fee","E032B53A","INVOICE CWW000509"
"7/1/2026","08:36:42","Debit","EUR","-2454.00","COSWORLD STRATEGIC CONSULT S.R.L.","Transfer to COSWORLD STRATEGIC CONSULT S.R.L.","E032B53A","INVOICE CWW000509"
"7/1/2026","08:30:58","Debit","EUR","-2.65",,"Processing Fee","553A00DE","INVOICE NO.: CS/2026-06/83 DATE: 30/06/2026"
"7/1/2026","08:30:58","Debit","EUR","-8.03",,"Fx Fee","553A00DE","INVOICE NO.: CS/2026-06/83 DATE: 30/06/2026"
"7/1/2026","08:30:58","Debit","EUR","-2286.10","Clicksense LLC","Transfer to Clicksense LLC","553A00DE","INVOICE NO.: CS/2026-06/83 DATE: 30/06/2026"
"7/1/2026","08:29:14","Debit","EUR","-2.65",,"Processing Fee","9B73EF36","no. 3/2026 of 2026-06-28"
"7/1/2026","08:29:14","Debit","EUR","-48398.00","IMPRESA DIGITALE S.R.L.","Transfer to IMPRESA DIGITALE S.R.L.","9B73EF36","no. 3/2026 of 2026-06-28"
"7/1/2026","08:26:24","Debit","EUR","-2.65",,"Processing Fee","E8747DBD","249 del 29/06/2026"
"7/1/2026","08:26:24","Debit","EUR","-3876.00","Spoladori Davide","Transfer to Spoladori Davide","E8747DBD","249 del 29/06/2026"
"6/30/2026","15:35:33","Debit","EUR","-8.12",,"Receiving Fee","9B0AD6B4","Inv-172"
"6/30/2026","15:35:33","Credit","EUR","14821.50",,"Payment from SmartMediaSolving to Ad Rice EUR ACCOUNT","9B0AD6B4","Inv-172"
"6/30/2026","15:23:54","Debit","EUR","-5.20",,"Receiving Fee","24D8B9B3","inv-173 part 1"
"6/30/2026","15:23:54","Credit","EUR","9000.00",,"Payment from SmartMediaSolving OU to Ad Rice EUR ACCOUNT","24D8B9B3","inv-173 part 1"
"6/30/2026","15:23:54","Debit","EUR","-6.20",,"Receiving Fee","719C9242","inv-169 part 2 last"
"6/30/2026","15:23:54","Credit","EUR","11000.00",,"Payment from SmartMediaSolving OU to Ad Rice EUR ACCOUNT","719C9242","inv-169 part 2 last"
"6/30/2026","12:46:31","Debit","EUR","-10.23",,"Receiving Fee","B03C6DBB","advance payment 2/4 invoice n INV-153 date 18/06/2026"
"6/30/2026","12:46:31","Credit","EUR","19055.00",,"Payment from Netmart LLC to Ad Rice EUR ACCOUNT","B03C6DBB","advance payment 2/4 invoice n INV-153 date 18/06/2026"
"6/30/2026","10:56:34","Debit","EUR","-5.88",,"Receiving Fee","0BC0F4D2","Inv-170 part 1"
"6/30/2026","10:56:34","Credit","EUR","10345.00",,"Payment from SmartMediaSolving to Ad Rice EUR ACCOUNT","0BC0F4D2","Inv-170 part 1"
"6/30/2026","10:09:07","Debit","EUR","-6.47",,"Receiving Fee","AB291244","inv-170 part 3 last"
"6/30/2026","10:09:07","Credit","EUR","11524.00",,"Payment from SMARTMEDIASOLVING OU to Ad Rice EUR ACCOUNT","AB291244","inv-170 part 3 last"
"6/30/2026","10:09:06","Debit","EUR","-9.30",,"Receiving Fee","915DFE26","inv-169 pary 1"
"6/30/2026","10:09:06","Credit","EUR","17190.50",,"Payment from SMARTMEDIASOLVING OU to Ad Rice EUR ACCOUNT","915DFE26","inv-169 pary 1"
"6/30/2026","09:00:48","Debit","EUR","-7.71",,"Receiving Fee","58743B2A","inv-170 part 2"
"6/30/2026","09:00:48","Credit","EUR","14020.00",,"Payment from SmartMediaSolving OU to Ad Rice EUR ACCOUNT","58743B2A","inv-170 part 2"
"6/30/2026","08:51:01","Debit","EUR","-2.65",,"Processing Fee","2E097789","second paayment"
"6/30/2026","08:51:01","Debit","EUR","-123.37",,"Fx Fee","2E097789","second paayment"
"6/30/2026","08:51:01","Debit","EUR","-35124.70","COD KINGDOM LLC SLASH","Transfer to COD KINGDOM LLC SLASH","2E097789","second paayment"
"6/30/2026","08:46:38","Debit","EUR","-7.05",,"Processing Fee","9F1E9121","ROBERTO"
"6/30/2026","08:46:38","Debit","EUR","-10000.00","SAASPHERE LTD","Transfer to SAASPHERE LTD","9F1E9121","ROBERTO"
"6/29/2026","18:51:02","Debit","EUR","-7.05",,"Processing Fee","78325B34","5593640761 invoice"
"6/29/2026","18:51:02","Debit","EUR","-250.20",,"Fx Fee","78325B34","5593640761 invoice"
"6/29/2026","18:51:02","Debit","EUR","-71233.01","Google Asia Pacific Pte. Ltd.","Transfer to Google Asia Pacific Pte. Ltd.","78325B34","5593640761 invoice"
"6/29/2026","18:47:17","Debit","EUR","-2.65",,"Processing Fee","94C92C3E","FATTURA nr. FPR 33/26 del 25/06/2026"
"6/29/2026","18:47:17","Debit","EUR","-1427.00","TC ADVERTISING SRLS","Transfer to TC ADVERTISING SRLS","94C92C3E","FATTURA nr. FPR 33/26 del 25/06/2026"
"6/29/2026","18:46:06","Debit","EUR","-2.65",,"Processing Fee","6120317C","INVOICE CWW000506"
"6/29/2026","18:46:06","Debit","EUR","-2308.00","COSWORLD STRATEGIC CONSULT S.R.L.","Transfer to COSWORLD STRATEGIC CONSULT S.R.L.","6120317C","INVOICE CWW000506"
"6/29/2026","18:45:05","Debit","EUR","-2.65",,"Processing Fee","4C909703","no. 3/2026 of 2026-06-26"
"6/29/2026","18:45:05","Debit","EUR","-42558.00","MARE S.R.L. unipersonale","Transfer to MARE S.R.L. unipersonale","4C909703","no. 3/2026 of 2026-06-26"
"6/29/2026","18:43:45","Debit","EUR","-2.65",,"Processing Fee","BF158FA3","INVOICE NO.: CS/2026-06/82 DATE: 25/06/2026"
"6/29/2026","18:43:44","Debit","EUR","-6.51",,"Fx Fee","BF158FA3","INVOICE NO.: CS/2026-06/82 DATE: 25/06/2026"
"6/29/2026","18:43:44","Debit","EUR","-1850.72","Clicksense LLC","Transfer to Clicksense LLC","BF158FA3","INVOICE NO.: CS/2026-06/82 DATE: 25/06/2026"
"6/29/2026","18:42:40","Debit","EUR","-2.65",,"Processing Fee","683DF901","INVOICE no. 416/2026 of 2026-06-25"
"6/29/2026","18:42:40","Debit","EUR","-13053.00","ZARK S.R.L.","Transfer to ZARK S.R.L.","683DF901","INVOICE no. 416/2026 of 2026-06-25"
"6/29/2026","18:41:22","Debit","EUR","-2.65",,"Processing Fee","2C4DB95D","INVOICE no. 52/2026 of 2026-06-25"
"6/29/2026","18:41:22","Debit","EUR","-21786.00","MANY LEADS S.R.L.","Transfer to MANY LEADS S.R.L.","2C4DB95D","INVOICE no. 52/2026 of 2026-06-25"
"6/29/2026","18:40:11","Debit","EUR","-2.65",,"Processing Fee","5135941F","INVOICE N. 201287239"
"6/29/2026","18:40:11","Debit","EUR","-4241.50","WSCP LLC (fr_giro)","Transfer to WSCP LLC (fr_giro)","5135941F","INVOICE N. 201287239"
"6/29/2026","18:36:52","Debit","EUR","-7.05",,"Processing Fee","B41242EF","Global Integrated Marketing Communication Group Holdings Limited"
"6/29/2026","18:36:52","Debit","EUR","-15.37",,"Fx Fee","B41242EF","Global Integrated Marketing Communication Group Holdings Limited"
"6/29/2026","18:36:52","Debit","EUR","-4375.22","GLOBAL INTEGRATED MARKETING","Transfer to GLOBAL INTEGRATED MARKETING","B41242EF","Global Integrated Marketing Communication Group Holdings Limited"
"6/29/2026","18:33:13","Debit","EUR","-7.05",,"Processing Fee","15746970","UL Digital (HK) Technology Co., Limited"
"6/29/2026","18:33:13","Debit","EUR","-30.74",,"Fx Fee","15746970","UL Digital (HK) Technology Co., Limited"
"6/29/2026","18:33:13","Debit","EUR","-8750.44","UL Digital (HK) Technology Co., Limited","Transfer to UL Digital (HK) Technology Co., Limited","15746970","UL Digital (HK) Technology Co., Limited"
"6/29/2026","18:32:36","Debit","EUR","-7.05",,"Processing Fee","02E64C2F","TECDO HONG KONG LIMITED"
"6/29/2026","18:32:36","Debit","EUR","-30.74",,"Fx Fee","02E64C2F","TECDO HONG KONG LIMITED"
"6/29/2026","18:32:36","Debit","EUR","-8750.44","TECDO HONG KONG LIMITED","Transfer to TECDO HONG KONG LIMITED","02E64C2F","TECDO HONG KONG LIMITED"
"6/29/2026","18:31:45","Debit","EUR","-7.05",,"Processing Fee","73FA3425","VIDAU TECHNOLOGY LIMITED"
"6/29/2026","18:31:45","Debit","EUR","-46.11",,"Fx Fee","73FA3425","VIDAU TECHNOLOGY LIMITED"
"6/29/2026","18:31:45","Debit","EUR","-13125.66","VIDAU TECHNOLOGY LIMITED","Transfer to VIDAU TECHNOLOGY LIMITED","73FA3425","VIDAU TECHNOLOGY LIMITED"
"6/29/2026","15:26:37","Debit","EUR","-8.70",,"Receiving Fee","978F6462","2 adv payment invoice inv-154"
"6/29/2026","15:26:37","Credit","EUR","16000.00",,"Payment from Bizzer LLC to Ad Rice EUR ACCOUNT","978F6462","2 adv payment invoice inv-154"
"6/29/2026","13:34:15","Debit","EUR","-107.05",,"Receiving Fee","24A21548","/REF/ Internal Fund transfer internal funds transfer intracompany"
"6/29/2026","13:34:15","Credit","EUR","200000.00",,"Payment from ADRICE LLC FZ to Ad Rice EUR ACCOUNT","24A21548","/REF/ Internal Fund transfer internal funds transfer intracompany"
"6/29/2026","13:29:15","Debit","EUR","-10.23",,"Receiving Fee","D14E7A5E","advance payment 1/4 invoice n INV-153 date 18/06/2026"
"6/29/2026","13:29:15","Credit","EUR","19055.00",,"Payment from Netmart LLC to Ad Rice EUR ACCOUNT","D14E7A5E","advance payment 1/4 invoice n INV-153 date 18/06/2026"
"6/29/2026","11:10:01","Debit","EUR","-2.65",,"Processing Fee","9E3684B6","INV-048"
"6/29/2026","11:10:01","Debit","EUR","-13740.00","Scalefuel Ads Ltd","Transfer to Scalefuel Ads Ltd","9E3684B6","INV-048"
"6/29/2026","06:34:50","Debit","EUR","-8.02",,"Receiving Fee","08CCD35D","1 adv payment invoice inv-154"
"6/29/2026","06:34:50","Credit","EUR","14640.00",,"Payment from Bizzer LLC to Ad Rice EUR ACCOUNT","08CCD35D","1 adv payment invoice inv-154"
"6/29/2026","06:05:54","Debit","EUR","-2.65",,"Processing Fee","16C7D2B4","marketing service"
"6/29/2026","06:05:54","Debit","EUR","-215.79",,"Fx Fee","16C7D2B4","marketing service"
"6/29/2026","06:05:54","Debit","EUR","-61435.85","COD KINGDOM LLC SLASH","Transfer to COD KINGDOM LLC SLASH","16C7D2B4","marketing service"
"6/26/2026","15:29:49","Debit","EUR","-8.20",,"Receiving Fee","E59095AE","1 adv payment invoice inv-147it"
"6/26/2026","15:29:49","Credit","EUR","15000.00",,"Payment from Bizzer LLC to Ad Rice EUR ACCOUNT","E59095AE","1 adv payment invoice inv-147it"
"6/26/2026","12:46:28","Debit","EUR","-12.43",,"Receiving Fee","DDBE0AA8","balance payment 2/2 invoice n INV-150 date 16/06/2026"
"6/26/2026","12:46:28","Credit","EUR","23460.00",,"Payment from Netmart LLC to Ad Rice EUR ACCOUNT","DDBE0AA8","balance payment 2/2 invoice n INV-150 date 16/06/2026"
"6/26/2026","12:16:27","Debit","EUR","-10.70",,"Receiving Fee","A17F2F03","closing inv 152"
"6/26/2026","12:16:27","Credit","EUR","20000.00",,"Payment from Bizzer LLC to Ad Rice EUR ACCOUNT","A17F2F03","closing inv 152"
"6/25/2026","14:50:33","Debit","EUR","-2.65",,"Processing Fee","7C3E308E","Invoice 00000111"
"6/25/2026","14:50:33","Debit","EUR","-74317.91","Daddys Line LLC","Transfer to Daddys Line LLC","7C3E308E","Invoice 00000111"
"6/25/2026","14:49:14","Debit","EUR","-2.65",,"Processing Fee","675C1C87","Invoice 00000110"
"6/25/2026","14:49:14","Debit","EUR","-43852.10","Daddys Line LLC","Transfer to Daddys Line LLC","675C1C87","Invoice 00000110"
"6/25/2026","14:47:48","Debit","EUR","-2.65",,"Processing Fee","903F6C59","Invoice 00000108"
"6/25/2026","14:47:48","Debit","EUR","-60869.45","Daddys Line LLC","Transfer to Daddys Line LLC","903F6C59","Invoice 00000108"
"6/25/2026","13:49:27","Debit","EUR","-5.81",,"Receiving Fee","4189E48B","Inv-165, inv-166"
"6/25/2026","13:49:27","Credit","EUR","10203.00",,"Payment from SmartMediaSolving to Ad Rice EUR ACCOUNT","4189E48B","Inv-165, inv-166"
"6/25/2026","09:55:24","Debit","EUR","-82.00",,"Receiving Fee","AF249758","/REF/ Inter Company Transfer internal company transfer"
"6/25/2026","09:55:24","Credit","EUR","150000.00",,"Payment from ADRICE LLC FZ to Ad Rice EUR ACCOUNT","AF249758","/REF/ Inter Company Transfer internal company transfer"
"6/25/2026","09:03:24","Debit","EUR","-2.65",,"Processing Fee","8E239006","Invoice 00000109"
"6/25/2026","09:03:24","Debit","EUR","-1861.18","Daddys Line LLC","Transfer to Daddys Line LLC","8E239006","Invoice 00000109"
"6/25/2026","06:36:45","Debit","EUR","-2.65",,"Processing Fee","B6A71B58","marketing service"
"6/25/2026","06:36:45","Debit","EUR","-175.00",,"Fx Fee","B6A71B58","marketing service"
"6/25/2026","06:36:45","Debit","EUR","-49822.35","COD KINGDOM LLC SLASH","Transfer to COD KINGDOM LLC SLASH","B6A71B58","marketing service"
"6/25/2026","06:13:02","Debit","EUR","-7.00",,"Processing Fee","DC4BA75C",
"6/25/2026","06:13:02","Debit","EUR","-10000.00","SAASPHERE LTD","Transfer to SAASPHERE LTD","DC4BA75C",
"6/25/2026","06:12:04","Debit","EUR","-7.00",,"Processing Fee","73F1EB2D",
"6/25/2026","06:12:04","Debit","EUR","-30.91",,"Fx Fee","73F1EB2D",
"6/25/2026","06:12:04","Debit","EUR","-8800.50","GLOBAL INTEGRATED MARKETING","Transfer to GLOBAL INTEGRATED MARKETING","73F1EB2D",
"6/25/2026","06:10:57","Debit","EUR","-2.65",,"Processing Fee","5E026B31","META-882"
"6/25/2026","06:10:57","Debit","EUR","-46.37",,"Fx Fee","5E026B31","META-882"
"6/25/2026","06:10:57","Debit","EUR","-13201.91","Strion Inc (ad Tucon)","Transfer to Strion Inc (ad Tucon)","5E026B31","META-882"
"6/24/2026","15:32:51","Debit","EUR","-10.70",,"Receiving Fee","90AD0D31","2adv payment invoice inv-152"
"6/24/2026","15:32:51","Credit","EUR","20000.00",,"Payment from Bizzer LLC to Ad Rice EUR ACCOUNT","90AD0D31","2adv payment invoice inv-152"
"6/24/2026","15:16:45","Debit","EUR","-2.65",,"Processing Fee","8F4B6DE7","nr. FPR 21/26 del 23/06/2026"
"6/24/2026","15:16:45","Debit","EUR","-4892.00","ANTANA SRLS","Transfer to ANTANA SRLS","8F4B6DE7","nr. FPR 21/26 del 23/06/2026"
"6/24/2026","15:15:40","Debit","EUR","-2.65",,"Processing Fee","84D6D086","PRO FORMA no. 2/2026 of 2026-06-22"
"6/24/2026","15:15:40","Debit","EUR","-25781.00","IMPRESA DIGITALE S.R.L.","Transfer to IMPRESA DIGITALE S.R.L.","84D6D086","PRO FORMA no. 2/2026 of 2026-06-22"
"6/24/2026","13:51:31","Debit","EUR","-9.21",,"Receiving Fee","E177CDCC","inv-161"
"6/24/2026","13:51:31","Credit","EUR","17019.00",,"Payment from SMARTMEDIASOLVING OU to Ad Rice EUR ACCOUNT","E177CDCC","inv-161"
"6/23/2026","15:40:12","Debit","EUR","-11.66",,"Receiving Fee","8FF1029E","Inv-158"
"6/23/2026","15:40:12","Credit","EUR","21907.50",,"Payment from SmartMediaSolving to Ad Rice EUR ACCOUNT","8FF1029E","Inv-158"
"6/23/2026","15:40:11","Debit","EUR","-11.53",,"Receiving Fee","07C9C163","inv-162"
"6/23/2026","15:40:11","Credit","EUR","21650.00",,"Payment from SMARTMEDIASOLVING OU to Ad Rice EUR ACCOUNT","07C9C163","inv-162"
"6/23/2026","15:24:34","Debit","EUR","-14.13",,"Receiving Fee","75282CB7","Inv-159"
"6/23/2026","15:24:34","Credit","EUR","26857.50",,"Payment from SmartMediaSolving OU to Ad Rice EUR ACCOUNT","75282CB7","Inv-159"
"6/23/2026","13:33:52","Debit","EUR","-9.54",,"Receiving Fee","A4076120","1 adv payment inv-152"
"6/23/2026","13:33:52","Credit","EUR","17680.00",,"Payment from Bizzer LLC to Ad Rice EUR ACCOUNT","A4076120","1 adv payment inv-152"
"6/23/2026","11:59:06","Debit","EUR","-7.00",,"Processing Fee","B246CD69",
"6/23/2026","11:59:06","Debit","EUR","-61.70",,"Fx Fee","B246CD69",
"6/23/2026","11:59:06","Debit","EUR","-17565.44","VIDAU TECHNOLOGY LIMITED","Transfer to VIDAU TECHNOLOGY LIMITED","B246CD69",
"6/23/2026","11:57:42","Debit","EUR","-7.00",,"Processing Fee","7BA550C0",
"6/23/2026","11:57:42","Debit","EUR","-61.70",,"Fx Fee","7BA550C0",
"6/23/2026","11:57:42","Debit","EUR","-17565.44","TECDO HONG KONG LIMITED","Transfer to TECDO HONG KONG LIMITED","7BA550C0",
"6/23/2026","10:23:34","Debit","EUR","-2.65",,"Processing Fee","912D7E53","INVOICE CWW000505"
"6/23/2026","10:23:34","Debit","EUR","-3390.00","COSWORLD STRATEGIC CONSULT S.R.L.","Transfer to COSWORLD STRATEGIC CONSULT S.R.L.","912D7E53","INVOICE CWW000505"
"6/23/2026","10:21:53","Debit","EUR","-2.65",,"Processing Fee","D46A0FD4","INVOICE NO.: CS/2026-06/80"
"6/23/2026","10:21:53","Debit","EUR","-6.15",,"Fx Fee","D46A0FD4","INVOICE NO.: CS/2026-06/80"
"6/23/2026","10:21:53","Debit","EUR","-1749.08","Clicksense LLC","Transfer to Clicksense LLC","D46A0FD4","INVOICE NO.: CS/2026-06/80"
"6/23/2026","10:19:37","Debit","EUR","-2.65",,"Processing Fee","085ECDB0","Invoice no: 98"
"6/23/2026","10:19:37","Debit","EUR","-6600.00","Lead Busters LLC","Transfer to Lead Busters LLC","085ECDB0","Invoice no: 98"
"6/23/2026","10:18:19","Debit","EUR","-2.65",,"Processing Fee","B322BF4D","INVOICE no. 50/2026 of 2026-06-22"
"6/23/2026","10:18:19","Debit","EUR","-36440.00","MANY LEADS S.R.L.","Transfer to MANY LEADS S.R.L.","B322BF4D","INVOICE no. 50/2026 of 2026-06-22"
"6/23/2026","10:16:57","Debit","EUR","-2.65",,"Processing Fee","6B5BB24B","nr. FPR 32/26 del 20/06/2026"
"6/23/2026","10:16:57","Debit","EUR","-1199.00","TC ADVERTISING SRLS","Transfer to TC ADVERTISING SRLS","6B5BB24B","nr. FPR 32/26 del 20/06/2026"
"6/23/2026","10:15:44","Debit","EUR","-2.65",,"Processing Fee","86F27D02","N. 201287234"
"6/23/2026","10:15:44","Debit","EUR","-2076.00","WSCP LLC (fr_giro)","Transfer to WSCP LLC (fr_giro)","86F27D02","N. 201287234"
"6/22/2026","16:38:28","Debit","EUR","-7.00",,"Processing Fee","B87C03C7","DRKP0SGA-0001"
"6/22/2026","16:38:28","Debit","EUR","-48890.00","Joao Pereira, LLC","Transfer to Joao Pereira, LLC","B87C03C7","DRKP0SGA-0001"
"6/22/2026","15:30:26","Debit","EUR","-5.20",,"Receiving Fee","E4881EA4","closing inv-091"
"6/22/2026","15:30:26","Credit","EUR","9000.00",,"Payment from Bizzer LLC to Ad Rice EUR ACCOUNT","E4881EA4","closing inv-091"
"6/22/2026","14:36:06","Debit","EUR","-12.43",,"Receiving Fee","3EFA3DF1","advance payment 1/2 invoice n INV-150 date 16/06/2026"
"6/22/2026","14:36:06","Credit","EUR","23460.00",,"Payment from Netmart LLC to Ad Rice EUR ACCOUNT","3EFA3DF1","advance payment 1/2 invoice n INV-150 date 16/06/2026"
"6/21/2026","18:03:40","Debit","EUR","-2.60",,"Processing Fee","82EAEC1F","FATTURA nr. 19/2026 del 19/06/2026"
"6/21/2026","18:03:40","Debit","EUR","-10556.00","WEPROD S.R.L","Transfer to WEPROD S.R.L","82EAEC1F","FATTURA nr. 19/2026 del 19/06/2026"
"6/21/2026","17:57:14","Debit","EUR","-2.60",,"Processing Fee","5E36F847","No. 201287229"
"6/21/2026","17:57:14","Debit","EUR","-1932.00","WSCP LLC (fr_giro)","Transfer to WSCP LLC (fr_giro)","5E36F847","No. 201287229"
"6/19/2026","15:25:29","Debit","EUR","-5.65",,"Receiving Fee","B94CE3CB","TXB260619364094,3adv payment inv 091"
"6/19/2026","15:25:29","Credit","EUR","10000.00",,"Payment from Bizzer LLC to Ad Rice EUR ACCOUNT","B94CE3CB","TXB260619364094,3adv payment inv 091"
"6/19/2026","14:28:19","Debit","EUR","-2.60",,"Processing Fee","B31C6A44","Invoice  23 Date 2026-06-18"
"6/19/2026","14:28:19","Debit","EUR","-32.33",,"Fx Fee","B31C6A44","Invoice  23 Date 2026-06-18"
"6/19/2026","14:28:19","Debit","EUR","-9204.33","ROMEO 2022 LLC","Transfer to ROMEO 2022 LLC","B31C6A44","Invoice  23 Date 2026-06-18"
"6/19/2026","14:13:05","Debit","EUR","-2.60",,"Processing Fee","570624A5","Fattura 22/2026 16/06/2026"
"6/19/2026","14:13:05","Debit","EUR","-154.00","ZONE di Sebastiano Bazzanella","Transfer to ZONE di Sebastiano Bazzanella","570624A5","Fattura 22/2026 16/06/2026"
"6/19/2026","13:55:10","Debit","EUR","-2.60",,"Processing Fee","30268667","238 del 19/06/2026"
"6/19/2026","13:55:10","Debit","EUR","-897.00","Spoladori Davide (new Iban HYPE)","Transfer to Spoladori Davide (new Iban HYPE)","30268667","238 del 19/06/2026"
"6/19/2026","13:53:30","Debit","EUR","-2.60",,"Processing Fee","BF2942E0","INVOICE no. 414/2026 of 2026-06-18"
"6/19/2026","13:53:30","Debit","EUR","-9490.00","ZARK S.R.L.","Transfer to ZARK S.R.L.","BF2942E0","INVOICE no. 414/2026 of 2026-06-18"
"6/19/2026","13:51:58","Debit","EUR","-2.60",,"Processing Fee","4932C858","INVOICE CWW000502"
"6/19/2026","13:51:58","Debit","EUR","-2858.00","COSWORLD STRATEGIC CONSULT S.R.L.","Transfer to COSWORLD STRATEGIC CONSULT S.R.L.","4932C858","INVOICE CWW000502"
"6/19/2026","13:50:27","Debit","EUR","-9.65",,"Receiving Fee","59749194","4adv payment inv 091"
"6/19/2026","13:50:27","Credit","EUR","18000.00",,"Payment from Bizzer LLC to Ad Rice EUR ACCOUNT","59749194","4adv payment inv 091"
"6/19/2026","13:48:47","Debit","EUR","-11.43",,"Receiving Fee","27A6DFEF","inv-156"
"6/19/2026","13:48:47","Credit","EUR","21554.50",,"Payment from SmartMediaSolving OU to Ad Rice EUR ACCOUNT","27A6DFEF","inv-156"
"6/19/2026","12:20:46","Debit","EUR","-2.60",,"Processing Fee","AA0597F6","Invoice Number: INV-45837"
"6/19/2026","12:20:46","Debit","EUR","-14.25",,"Fx Fee","AA0597F6","Invoice Number: INV-45837"
"6/19/2026","12:20:46","Debit","EUR","-4056.35","RASHA M.A. ALTAHER","Transfer to RASHA M.A. ALTAHER","AA0597F6","Invoice Number: INV-45837"
"6/19/2026","12:16:30","Debit","EUR","-2.60",,"Processing Fee","601D1616","n. 120/26 del 19/06/2026"
"6/19/2026","12:16:30","Debit","EUR","-18417.00","Feel s.r.l.","Transfer to Feel s.r.l.","601D1616","n. 120/26 del 19/06/2026"
"6/18/2026","11:55:40","Debit","EUR","-9.65",,"Receiving Fee","49D81082","2 adv payment inv 091"
"6/18/2026","11:55:40","Credit","EUR","18000.00",,"Payment from Bizzer LLC to Ad Rice EUR ACCOUNT","49D81082","2 adv payment inv 091"
"6/18/2026","08:30:04","Debit","EUR","-2.60",,"Processing Fee","947FDCB3","inv 220"
"6/18/2026","08:30:04","Debit","EUR","-15400.00","LEVANTIN SRL","Transfer to LEVANTIN SRL","947FDCB3","inv 220"
"6/17/2026","15:57:57","Debit","EUR","-2.60",,"Processing Fee","E7F5EB5D","Invoice no. 17/2026"
"6/17/2026","15:57:57","Debit","EUR","-10000.00","HYDRADV SRLS","Transfer to HYDRADV SRLS","E7F5EB5D","Invoice no. 17/2026"
"6/17/2026","15:43:44","Debit","EUR","-2.60",,"Processing Fee","1573C572","INVOICE no. 114/2026 of 2026-06-16"
"6/17/2026","15:43:44","Debit","EUR","-26559.00","MARE S.R.L. unipersonale","Transfer to MARE S.R.L. unipersonale","1573C572","INVOICE no. 114/2026 of 2026-06-16"
"6/17/2026","15:39:55","Debit","EUR","-2.60",,"Processing Fee","BA1B6044","inv. 234 del 17/06/2026"
"6/17/2026","15:39:55","Debit","EUR","-1382.00","Spoladori Davide","Transfer to Spoladori Davide","BA1B6044","inv. 234 del 17/06/2026"
"6/17/2026","15:38:37","Debit","EUR","-2.60",,"Processing Fee","03DBE3EE","Fattura n. 60 del 16/06/2026"
"6/17/2026","15:38:37","Debit","EUR","-12634.00","LEADCOB S.R.L.","Transfer to LEADCOB S.R.L.","03DBE3EE","Fattura n. 60 del 16/06/2026"
"6/17/2026","14:03:40","Debit","EUR","-2.60",,"Processing Fee","04214465","fattura RE-00062-2023"
"6/17/2026","14:03:40","Debit","EUR","-41252.40","Databrand sagl","Transfer to Databrand sagl","04214465","fattura RE-00062-2023"
"6/17/2026","12:15:53","Debit","EUR","-9.96",,"Receiving Fee","4004C941","1 adv payment inv 091"
"6/17/2026","12:15:53","Credit","EUR","18620.00",,"Payment from Bizzer LLC to Ad Rice EUR ACCOUNT","4004C941","1 adv payment inv 091"
"6/17/2026","06:50:48","Debit","EUR","-18.86",,"Receiving Fee","857977A1","payment invoice n INV-142 date 12/06/2026"
"6/17/2026","06:50:48","Credit","EUR","36420.00",,"Payment from Netmart LLC to Ad Rice EUR ACCOUNT","857977A1","payment invoice n INV-142 date 12/06/2026"
"6/16/2026","16:40:21","Debit","EUR","-6.90",,"Processing Fee","8B8A4386","inv numer 2026061601"
"6/16/2026","16:40:21","Debit","EUR","-21750.00","MG Media Tech LLC","Transfer to MG Media Tech LLC","8B8A4386","inv numer 2026061601"
"6/16/2026","16:32:29","Debit","EUR","-2.60",,"Processing Fee","52AF29B3","Invoice No. 018"
"6/16/2026","16:32:29","Debit","EUR","-120.94",,"Fx Fee","52AF29B3","Invoice No. 018"
"6/16/2026","16:32:29","Debit","EUR","-34432.30","Media Buying Society LLC (Mercury)","Transfer to Media Buying Society LLC (Mercury)","52AF29B3","Invoice No. 018"
"6/16/2026","14:18:10","Debit","EUR","-8.15",,"Receiving Fee","73B8633F","Inv-149 part 2 last"
"6/16/2026","14:18:10","Credit","EUR","15000.00",,"Payment from SmartMediaSolving to Ad Rice EUR ACCOUNT","73B8633F","Inv-149 part 2 last"
"6/16/2026","14:18:09","Debit","EUR","-6.73",,"Receiving Fee","F5718FA8","inv-149 part 1"
"6/16/2026","14:18:09","Credit","EUR","12155.50",,"Payment from SMARTMEDIASOLVING OU to Ad Rice EUR ACCOUNT","F5718FA8","inv-149 part 1"
"6/16/2026","09:17:34","Debit","EUR","-6.90",,"Processing Fee","40A9DAEA","Invoice Number: WBX-1144-26"
"6/16/2026","09:17:34","Debit","EUR","-65000.00","Webrex Co., Ltd","Transfer to Webrex Co., Ltd","40A9DAEA","Invoice Number: WBX-1144-26"
"6/16/2026","09:10:55","Debit","EUR","-2.60",,"Processing Fee","D9136FB3","INVOICE NO.: CS/2026-06/79"
"6/16/2026","09:10:55","Debit","EUR","-6.06",,"Fx Fee","D9136FB3","INVOICE NO.: CS/2026-06/79"
"6/16/2026","09:10:55","Debit","EUR","-1722.81","Clicksense LLC","Transfer to Clicksense LLC","D9136FB3","INVOICE NO.: CS/2026-06/79"
"6/16/2026","09:09:49","Debit","EUR","-2.60",,"Processing Fee","2910C42B","nr. FPR 29/26 del 15/06/2026"
"6/16/2026","09:09:49","Debit","EUR","-1057.00","TC ADVERTISING SRLS","Transfer to TC ADVERTISING SRLS","2910C42B","nr. FPR 29/26 del 15/06/2026"
"6/15/2026","15:41:56","Debit","EUR","-7.11",,"Receiving Fee","441A2CC7","inv-146 part 3 last"
"6/15/2026","15:41:56","Credit","EUR","12918.50",,"Payment from SMARTMEDIASOLVING OU to Ad Rice EUR ACCOUNT","441A2CC7","inv-146 part 3 last"
"6/15/2026","15:33:06","Debit","EUR","-9.15",,"Receiving Fee","3298D07A","inv-146 part 2"
"6/15/2026","15:33:06","Credit","EUR","17000.00",,"Payment from SmartMediaSolving OU to Ad Rice EUR ACCOUNT","3298D07A","inv-146 part 2"
"6/15/2026","14:25:43","Debit","EUR","-6.33",,"Receiving Fee","423386F8","Inv-146 part 1"
"6/15/2026","14:25:43","Credit","EUR","11355.00",,"Payment from SmartMediaSolving to Ad Rice EUR ACCOUNT","423386F8","Inv-146 part 1"
"6/15/2026","14:08:43","Debit","EUR","-106.90",,"Receiving Fee","333912B6","/REF/ INTER COMPANY TRANSFER INTERNAL FUNDS TRANSFER"
"6/15/2026","14:08:43","Credit","EUR","200000.00",,"Payment from ADRICE LLC FZ to Ad Rice EUR ACCOUNT","333912B6","/REF/ INTER COMPANY TRANSFER INTERNAL FUNDS TRANSFER"
"6/15/2026","13:50:37","Debit","EUR","-2.60",,"Processing Fee","455BABC4","INVOICE no. 110/2026 of 2026-06-11"
"6/15/2026","13:50:37","Debit","EUR","-15708.00","MARE S.R.L. unipersonale","Transfer to MARE S.R.L. unipersonale","455BABC4","INVOICE no. 110/2026 of 2026-06-11"
"6/15/2026","13:39:23","Debit","EUR","-5.65",,"Receiving Fee","1F77321C","TXB260615356706,6adv payment inv 75"
"6/15/2026","13:39:23","Credit","EUR","10000.00",,"Payment from Bizzer LLC to Ad Rice EUR ACCOUNT","1F77321C","TXB260615356706,6adv payment inv 75"
"6/15/2026","12:30:42","Debit","EUR","-2.60",,"Processing Fee","5C33DE7F","Invoice BO 0481"
"6/15/2026","12:30:42","Debit","EUR","-38315.00","BORN ONLINE S.R.L.","Transfer to BORN ONLINE S.R.L.","5C33DE7F","Invoice BO 0481"
"6/15/2026","10:54:08","Debit","EUR","-6.90",,"Processing Fee","2F02CF95",
"6/15/2026","10:54:08","Debit","EUR","-30.25",,"Fx Fee","2F02CF95",
"6/15/2026","10:54:08","Debit","EUR","-8611.79","UL Digital (HK) Technology Co., Limited","Transfer to UL Digital (HK) Technology Co., Limited","2F02CF95",
"6/15/2026","10:49:01","Debit","EUR","-2.60",,"Processing Fee","C5FED0F5","No. 201287226"
"6/15/2026","10:49:01","Debit","EUR","-4521.00","WSCP LLC (fr_giro)","Transfer to WSCP LLC (fr_giro)","C5FED0F5","No. 201287226"
"6/15/2026","10:35:33","Debit","EUR","-2.60",,"Processing Fee","73A659AD","nr. FPR 5/26 del 11/06/2026"
"6/15/2026","10:35:33","Debit","EUR","-1000.00","STEFANO DI GIOVANNI (new Iban)","Transfer to STEFANO DI GIOVANNI (new Iban)","73A659AD","nr. FPR 5/26 del 11/06/2026"
"6/15/2026","10:34:01","Debit","EUR","-2.60",,"Processing Fee","71469B8C","Invoice no: 93 Invoice date: Jun 15, 2026"
"6/15/2026","10:34:01","Debit","EUR","-3300.00","Lead Busters LLC","Transfer to Lead Busters LLC","71469B8C","Invoice no: 93 Invoice date: Jun 15, 2026"
"6/15/2026","10:32:02","Debit","EUR","-2.60",,"Processing Fee","17D29FCE","nr. FPR 27/26 del 12/06/2026"
"6/15/2026","10:32:02","Debit","EUR","-1026.00","TC ADVERTISING SRLS","Transfer to TC ADVERTISING SRLS","17D29FCE","nr. FPR 27/26 del 12/06/2026"
"6/15/2026","10:30:17","Debit","EUR","-2.60",,"Processing Fee","B1099219","INVOICE no. 408/2026 of 2026-06-12"
"6/15/2026","10:30:17","Debit","EUR","-39313.00","ZARK S.R.L.","Transfer to ZARK S.R.L.","B1099219","INVOICE no. 408/2026 of 2026-06-12"
"6/15/2026","10:28:12","Debit","EUR","-2.60",,"Processing Fee","222D9B53","fattura RE-00064-2023"
"6/15/2026","10:28:12","Debit","EUR","-850.00","Databrand sagl","Transfer to Databrand sagl","222D9B53","fattura RE-00064-2023"
"6/15/2026","10:25:47","Debit","EUR","-2.60",,"Processing Fee","4CB60022","Invoice: INV2606174"
"6/15/2026","10:25:47","Debit","EUR","-1705.00","CSW Scale OÜ (LT IBAN)","Transfer to CSW Scale OÜ (LT IBAN)","4CB60022","Invoice: INV2606174"
"6/15/2026","10:22:38","Debit","EUR","-2.60",,"Processing Fee","9CDA9571",
"6/15/2026","10:22:38","Debit","EUR","-949.00","Spoladori Davide","Transfer to Spoladori Davide","9CDA9571",
"6/15/2026","10:10:10","Debit","EUR","-2.60",,"Processing Fee","644BF779","INVOICE no. 45/2026 of 2026-06-11"
"6/15/2026","10:10:10","Debit","EUR","-42696.00","MANY LEADS S.R.L.","Transfer to MANY LEADS S.R.L.","644BF779","INVOICE no. 45/2026 of 2026-06-11"
"6/12/2026","15:28:44","Debit","EUR","-5.70",,"Receiving Fee","05406D1A","TXB260612352559,5adv payment inv 75"
"6/12/2026","15:28:44","Credit","EUR","10000.00",,"Payment from Bizzer LLC to Ad Rice EUR ACCOUNT","05406D1A","TXB260612352559,5adv payment inv 75"
"6/12/2026","13:32:02","Debit","EUR","-7.20",,"Receiving Fee","375E6ABB","3adv payment inv 123 IT"
"6/12/2026","13:32:02","Credit","EUR","13000.00",,"Payment from Bizzer LLC to Ad Rice EUR ACCOUNT","375E6ABB","3adv payment inv 123 IT"
"6/11/2026","22:04:13","Debit","EUR","-2.65",,"Processing Fee","0675C8B5","FT-2026/025"
"6/11/2026","22:04:13","Debit","EUR","-35.00",,"Fx Fee","0675C8B5","FT-2026/025"
"6/11/2026","22:04:13","Debit","EUR","-9963.74","Unbreakable Network Media LLC (Wise)","Transfer to Unbreakable Network Media LLC (Wise)","0675C8B5","FT-2026/025"
"6/11/2026","22:00:26","Debit","EUR","-2.65",,"Processing Fee","899DD9FA","FT-2026/026"
"6/11/2026","22:00:26","Debit","EUR","-70.07",,"Fx Fee","899DD9FA","FT-2026/026"
"6/11/2026","22:00:26","Debit","EUR","-19948.19","Unbreakable Network Media LLC (mercury)","Transfer to Unbreakable Network Media LLC (mercury)","899DD9FA","FT-2026/026"
"6/11/2026","21:54:07","Debit","EUR","-2.65",,"Processing Fee","442F0088","FATTURA  6"
"6/11/2026","21:54:07","Debit","EUR","-2000.00","MANUEL MARONGIU","Transfer to MANUEL MARONGIU","442F0088","FATTURA  6"
"6/11/2026","21:51:00","Debit","EUR","-2.65",,"Processing Fee","C5733430","INVOICE no. 9/2026 of 2026-06-11"
"6/11/2026","21:51:00","Debit","EUR","-2670.00","Francesca Ciotoli","Transfer to Francesca Ciotoli","C5733430","INVOICE no. 9/2026 of 2026-06-11"
"6/11/2026","21:48:29","Debit","EUR","-2.65",,"Processing Fee","07484CD3","Invoice no. 9 of 2026-06-11"
"6/11/2026","21:48:29","Debit","EUR","-2632.00","Daniele NArdecchia","Transfer to Daniele NArdecchia","07484CD3","Invoice no. 9 of 2026-06-11"
"6/11/2026","21:45:43","Debit","EUR","-2.65",,"Processing Fee","12ABDE04","INVOICE no. 8/2026 of 2026-06-11"
"6/11/2026","21:45:43","Debit","EUR","-2385.00","Alessandro Nardecchia","Transfer to Alessandro Nardecchia","12ABDE04","INVOICE no. 8/2026 of 2026-06-11"
"6/11/2026","21:43:59","Debit","EUR","-2.65",,"Processing Fee","19C6EFB9","Fattura n. 20 del 11/06/2026"
"6/11/2026","21:43:59","Debit","EUR","-4302.00","CARGNELUTTI MATTEO","Transfer to CARGNELUTTI MATTEO","19C6EFB9","Fattura n. 20 del 11/06/2026"
"6/11/2026","21:00:14","Debit","EUR","-2.65",,"Processing Fee","36321CE3","Invoice  INV2606169"
"6/11/2026","21:00:14","Debit","EUR","-3943.00","CSW Scale OÜ (LT IBAN)","Transfer to CSW Scale OÜ (LT IBAN)","36321CE3","Invoice  INV2606169"
"6/11/2026","20:55:48","Debit","EUR","-2.65",,"Processing Fee","4FB08076","Fattura n. 57 del 10/06/2026"
"6/11/2026","20:55:48","Debit","EUR","-5103.00","LEADCOB S.R.L.","Transfer to LEADCOB S.R.L.","4FB08076","Fattura n. 57 del 10/06/2026"
"6/11/2026","20:54:34","Debit","EUR","-2.65",,"Processing Fee","38ED7A38","Invoice no: 90 Invoice date: Jun 10, 2026"
"6/11/2026","20:54:34","Debit","EUR","-4500.00","Lead Busters LLC","Transfer to Lead Busters LLC","38ED7A38","Invoice no: 90 Invoice date: Jun 10, 2026"
"6/11/2026","16:39:45","Debit","EUR","-6.95",,"Processing Fee","4A6938BE","Date: 11/06/2026 Invoice Number: 21"
"6/11/2026","16:39:45","Debit","EUR","-15000.00","Rozi Consulting","Transfer to Rozi Consulting","4A6938BE","Date: 11/06/2026 Invoice Number: 21"
"6/11/2026","13:34:57","Debit","EUR","-5.70",,"Receiving Fee","52CA180C","2 adv inv 123IT"
"6/11/2026","13:34:57","Credit","EUR","10000.00",,"Payment from Bizzer LLC to Ad Rice EUR ACCOUNT","52CA180C","2 adv inv 123IT"
"6/11/2026","13:06:16","Debit","EUR","-81.95",,"Receiving Fee","FAD976B8","/REF/ INTER COMPANY TRANSFER INTER FUNDS TRANSFER"
"6/11/2026","13:06:16","Credit","EUR","150000.00",,"Payment from ADRICE LLC FZ to Ad Rice EUR ACCOUNT","FAD976B8","/REF/ INTER COMPANY TRANSFER INTER FUNDS TRANSFER"
"6/11/2026","13:01:35","Debit","EUR","-6.95",,"Processing Fee","61D6ACA8","Invoice Number: WBX-1093-26"
"6/11/2026","13:01:35","Debit","EUR","-50000.00","Webrex Co., Ltd","Transfer to Webrex Co., Ltd","61D6ACA8","Invoice Number: WBX-1093-26"
"6/11/2026","11:48:46","Debit","EUR","-2.65",,"Processing Fee","4C9BF990","Faktura nr FV/1/06/2026"
"6/11/2026","11:48:46","Debit","EUR","-2000.00","AdCore Mariusz Siwiec","Transfer to AdCore Mariusz Siwiec","4C9BF990","Faktura nr FV/1/06/2026"
"6/11/2026","11:13:01","Debit","EUR","-11.51",,"Receiving Fee","158CE014","Inv-141"
"6/11/2026","11:13:01","Credit","EUR","21609.00",,"Payment from SmartMediaSolving to Ad Rice EUR ACCOUNT","158CE014","Inv-141"
"6/11/2026","06:54:29","Debit","EUR","-13.13",,"Receiving Fee","0BD0F202","inv-109"
"6/11/2026","06:54:29","Credit","EUR","24848.00",,"Payment from SmartMediaSolving OU to Ad Rice EUR ACCOUNT","0BD0F202","inv-109"
"6/10/2026","22:14:12","Debit","EUR","-2.65",,"Processing Fee","A1FD1D64","nr. FPR 20/26 del 10/06/2026 Data invio: 10/06/2026"
"6/10/2026","22:14:12","Debit","EUR","-4533.00","ANTANA SRLS","Transfer to ANTANA SRLS","A1FD1D64","nr. FPR 20/26 del 10/06/2026 Data invio: 10/06/2026"
"6/10/2026","22:12:56","Debit","EUR","-2.65",,"Processing Fee","CBB56BE9","nr. FPR 25/26 del 09/06/2026 Data invio: 09/06/2026"
"6/10/2026","22:12:56","Debit","EUR","-1049.00","TC ADVERTISING SRLS","Transfer to TC ADVERTISING SRLS","CBB56BE9","nr. FPR 25/26 del 09/06/2026 Data invio: 09/06/2026"
"6/10/2026","16:53:19","Debit","EUR","-2.65",,"Processing Fee","738EC03F","Fattura del 4 giugno 2026"
"6/10/2026","16:53:19","Debit","EUR","-27826.35","Leagix Sagl","Transfer to Leagix Sagl","738EC03F","Fattura del 4 giugno 2026"
"6/10/2026","16:48:51","Debit","EUR","-2.65",,"Processing Fee","2882E052","Fattura n. 16 del 04/06/2026"
"6/10/2026","16:48:51","Debit","EUR","-3589.00","ICARDI VERONICA","Transfer to ICARDI VERONICA","2882E052","Fattura n. 16 del 04/06/2026"
"6/10/2026","16:41:56","Debit","EUR","-2.65",,"Processing Fee","A48B5397","inv 4"
"6/10/2026","16:41:56","Debit","EUR","-2000.00","LA ROSA KROMSAENG DAVID","Transfer to LA ROSA KROMSAENG DAVID","A48B5397","inv 4"
"6/10/2026","13:46:30","Debit","EUR","-4.20",,"Receiving Fee","A1A93CB7","1adv paiment inv 123it"
"6/10/2026","13:46:30","Credit","EUR","7000.00",,"Payment from Bizzer LLC to Ad Rice EUR ACCOUNT","A1A93CB7","1adv paiment inv 123it"
"6/9/2026","22:11:56","Debit","EUR","-2.65",,"Processing Fee","449BDA90",
"6/9/2026","22:11:56","Debit","EUR","-105.00",,"Fx Fee","449BDA90",
"6/9/2026","22:11:56","Debit","EUR","-29892.35","COD KINGDOM LLC SLASH","Transfer to COD KINGDOM LLC SLASH","449BDA90",
"6/9/2026","12:44:54","Debit","EUR","-2.65",,"Processing Fee","738F22DA","Fattura n. 6 del 09/06/2026"
"6/9/2026","12:44:54","Debit","EUR","-7606.00","PICCOLO STEFANO","Transfer to PICCOLO STEFANO","738F22DA","Fattura n. 6 del 09/06/2026"
"6/9/2026","12:06:24","Debit","EUR","-2.65",,"Processing Fee","FDE72ACF","Invoice: INV2606161"
"6/9/2026","12:06:24","Debit","EUR","-2943.00","CSW Scale OÜ","Transfer to CSW Scale OÜ","FDE72ACF","Invoice: INV2606161"
"6/9/2026","11:57:52","Debit","EUR","-2.65",,"Processing Fee","9A2D8298","INVOICE NO.: CS/2026-06/78"
"6/9/2026","11:57:52","Debit","EUR","-7.32",,"Fx Fee","9A2D8298","INVOICE NO.: CS/2026-06/78"
"6/9/2026","11:57:52","Debit","EUR","-2082.26","Clicksense LLC","Transfer to Clicksense LLC","9A2D8298","INVOICE NO.: CS/2026-06/78"
"6/9/2026","11:53:41","Debit","EUR","-2.65",,"Processing Fee","C67D6F9D","INVOICE no. 104/2026 of 2026-06-08"
"6/9/2026","11:53:41","Debit","EUR","-30048.00","MARE S.R.L. unipersonale","Transfer to MARE S.R.L. unipersonale","C67D6F9D","INVOICE no. 104/2026 of 2026-06-08"
"6/9/2026","11:49:30","Debit","EUR","-2.65",,"Processing Fee","DCA2817E","nr. FPR 22/26 del 05/06/2026"
"6/9/2026","11:49:30","Debit","EUR","-2070.00","TC ADVERTISING SRLS","Transfer to TC ADVERTISING SRLS","DCA2817E","nr. FPR 22/26 del 05/06/2026"
"6/9/2026","11:44:51","Debit","EUR","-2.65",,"Processing Fee","09DDDD4C","Invoice no: 84 Invoice date: Jun 4, 2026"
"6/9/2026","11:44:51","Debit","EUR","-3280.00","Lead Busters LLC","Transfer to Lead Busters LLC","09DDDD4C","Invoice no: 84 Invoice date: Jun 4, 2026"
"6/9/2026","11:38:50","Debit","EUR","-2.65",,"Processing Fee","AD618CE3","INVOICE no. 402/2026 of 2026-06-04"
"6/9/2026","11:38:50","Debit","EUR","-19875.00","ZARK S.R.L.","Transfer to ZARK S.R.L.","AD618CE3","INVOICE no. 402/2026 of 2026-06-04"
"6/9/2026","11:33:29","Debit","EUR","-2.65",,"Processing Fee","645617F1","nr. FPR 27/26 del 03/06/2026"
"6/9/2026","11:33:29","Debit","EUR","-1870.00","NCM srls","Transfer to NCM srls","645617F1","nr. FPR 27/26 del 03/06/2026"
"6/9/2026","11:29:44","Debit","EUR","-6.95",,"Processing Fee","8786F2EB","INVOICE 24"
"6/9/2026","11:29:43","Debit","EUR","-3420.00","RocketLead Media LLC","Transfer to RocketLead Media LLC","8786F2EB","INVOICE 24"
"6/9/2026","07:41:38","Debit","EUR","-5.70",,"Receiving Fee","7FC3D21A","Inv-133 part 3 last"
"6/9/2026","07:41:38","Credit","EUR","10000.00",,"Payment from SmartMediaSolving to Ad Rice EUR ACCOUNT","7FC3D21A","Inv-133 part 3 last"
"6/9/2026","07:41:08","Debit","EUR","-10.70",,"Receiving Fee","19302F58","inv-133 part 1"
"6/9/2026","07:41:08","Credit","EUR","20000.00",,"Payment from SMARTMEDIASOLVING OU to Ad Rice EUR ACCOUNT","19302F58","inv-133 part 1"
"6/9/2026","07:41:07","Debit","EUR","-10.49",,"Receiving Fee","A0254AE4","inv-137 part 2 last"
"6/9/2026","07:41:07","Credit","EUR","19580.00",,"Payment from SMARTMEDIASOLVING OU to Ad Rice EUR ACCOUNT","A0254AE4","inv-137 part 2 last"
"6/9/2026","07:06:16","Debit","EUR","-6.08",,"Receiving Fee","D8F38EB9","inv-137 part 1"
"6/9/2026","07:06:16","Credit","EUR","10760.00",,"Payment from SmartMediaSolving OU to Ad Rice EUR ACCOUNT","D8F38EB9","inv-137 part 1"
"6/9/2026","07:05:55","Debit","EUR","-9.20",,"Receiving Fee","9F3DFAFE","inv-133 part 2"
"6/9/2026","07:05:55","Credit","EUR","16995.50",,"Payment from SmartMediaSolving OU to Ad Rice EUR ACCOUNT","9F3DFAFE","inv-133 part 2"
"6/8/2026","22:10:22","Debit","EUR","-6.95",,"Processing Fee","B0AF7266",
"6/8/2026","22:10:22","Debit","EUR","-60.91",,"Fx Fee","B0AF7266",
"6/8/2026","22:10:22","Debit","EUR","-17340.04","VIDAU TECHNOLOGY LIMITED","Transfer to VIDAU TECHNOLOGY LIMITED","B0AF7266",
"6/8/2026","22:08:27","Debit","EUR","-2.65",,"Processing Fee","71A11ADE","META-882"
"6/8/2026","22:08:27","Debit","EUR","-45.69",,"Fx Fee","71A11ADE","META-882"
"6/8/2026","22:08:27","Debit","EUR","-13006.16","Strion Inc (ad Tucon)","Transfer to Strion Inc (ad Tucon)","71A11ADE","META-882"
"6/8/2026","22:07:18","Debit","EUR","-6.95",,"Processing Fee","F67C5C9D",
"6/8/2026","22:07:18","Debit","EUR","-14993.05","SAASPHERE LTD","Transfer to SAASPHERE LTD","F67C5C9D",
"6/8/2026","22:05:01","Debit","EUR","-2.65",,"Processing Fee","524E925C","INVOICENo. 201287215"
"6/8/2026","22:05:01","Debit","EUR","-5837.00","WSCP LLC (fr_giro)","Transfer to WSCP LLC (fr_giro)","524E925C","INVOICENo. 201287215"
"6/4/2026","08:58:52","Debit","EUR","-9.27",,"Receiving Fee","F7115EF5","inv-129"
"6/4/2026","08:58:52","Credit","EUR","17224.50",,"Payment from SmartMediaSolving OU to Ad Rice EUR ACCOUNT","F7115EF5","inv-129"
"6/3/2026","14:17:59","Debit","EUR","-2.60",,"Processing Fee","C3D3FDBA","Fattura n. 8 del 28/05/2026"
"6/3/2026","14:17:59","Debit","EUR","-1692.00","BELTRAN BELTRAN EVA MARINA","Transfer to BELTRAN BELTRAN EVA MARINA","C3D3FDBA","Fattura n. 8 del 28/05/2026"
"6/3/2026","14:13:48","Debit","EUR","-2.60",,"Processing Fee","F67096C6","Fattura n. 8 del 28/05/2026"
"6/3/2026","14:13:48","Debit","EUR","-1692.00","ESPOSITO ALESSIO","Transfer to ESPOSITO ALESSIO","F67096C6","Fattura n. 8 del 28/05/2026"
"6/3/2026","14:10:14","Debit","EUR","-2.60",,"Processing Fee","0936EBCD","Fattura Numero: 3 26.05.2026"
"6/3/2026","14:10:14","Debit","EUR","-9602.78","PotiRiccardo","Transfer to PotiRiccardo","0936EBCD","Fattura Numero: 3 26.05.2026"
"6/3/2026","13:58:35","Debit","EUR","-2.60",,"Processing Fee","55C184F4","FATTURA nr. 28/2026 del 26/05/2026"
"6/3/2026","13:58:35","Debit","EUR","-4969.00","Money From Digital di Simone Ingrosso","Transfer to Money From Digital di Simone Ingrosso","55C184F4","FATTURA nr. 28/2026 del 26/05/2026"
"6/3/2026","10:25:23","Debit","EUR","-5.65",,"Receiving Fee","34D4743C","TXB260603335134,4 adv payment invoice inv-075"
"6/3/2026","10:25:23","Credit","EUR","10000.00",,"Payment from Bizzer LLC to Ad Rice EUR ACCOUNT","34D4743C","TXB260603335134,4 adv payment invoice inv-075"
"6/3/2026","08:52:41","Debit","EUR","-5.65",,"Receiving Fee","CEC38410","TXB260602332785,3 adv payment invoice inv-075"
"6/3/2026","08:52:41","Credit","EUR","10000.00",,"Payment from Bizzer LLC to Ad Rice EUR ACCOUNT","CEC38410","TXB260602332785,3 adv payment invoice inv-075"
"6/2/2026","14:50:59","Debit","EUR","-2.60",,"Processing Fee","B90F62E4","META-882"
"6/2/2026","14:50:59","Debit","EUR","-30.17",,"Fx Fee","B90F62E4","META-882"
"6/2/2026","14:50:59","Debit","EUR","-8588.12","Strion Inc (ad Tucon)","Transfer to Strion Inc (ad Tucon)","B90F62E4","META-882"
"6/2/2026","14:47:16","Debit","EUR","-6.90",,"Processing Fee","8827C69F",
"6/2/2026","14:47:16","Debit","EUR","-60.32",,"Fx Fee","8827C69F",
"6/2/2026","14:47:16","Debit","EUR","-17173.28","VIDAU TECHNOLOGY LIMITED","Transfer to VIDAU TECHNOLOGY LIMITED","8827C69F",
"6/2/2026","14:42:42","Debit","EUR","-2.60",,"Processing Fee","857F6A28","INVOICE no. 98/2026 of 2026-06-01"
"6/2/2026","14:42:41","Debit","EUR","-23238.00","MARE S.R.L. unipersonale","Transfer to MARE S.R.L. unipersonale","857F6A28","INVOICE no. 98/2026 of 2026-06-01"
"6/2/2026","14:41:09","Debit","EUR","-2.60",,"Processing Fee","36C97B9F","Invoice No. 009 Date: 25/05/2026"
"6/2/2026","14:41:09","Debit","EUR","-70.21",,"Fx Fee","36C97B9F","Invoice No. 009 Date: 25/05/2026"
"6/2/2026","14:41:09","Debit","EUR","-19987.98","Media Buying Society LLC (Mercury)","Transfer to Media Buying Society LLC (Mercury)","36C97B9F","Invoice No. 009 Date: 25/05/2026"
"6/2/2026","12:58:36","Debit","EUR","-8.15",,"Receiving Fee","9316B604","inv-122 part 3"
"6/2/2026","12:58:36","Credit","EUR","15000.00",,"Payment from SMARTMEDIASOLVING OU to Ad Rice EUR ACCOUNT","9316B604","inv-122 part 3"
"6/2/2026","12:48:36","Debit","EUR","-8.39",,"Receiving Fee","2790DCE3","inv-122 part 4 last"
"6/2/2026","12:48:36","Credit","EUR","15479.50",,"Payment from SmartMediaSolving OU to Ad Rice EUR ACCOUNT","2790DCE3","inv-122 part 4 last"
"6/1/2026","15:55:07","Debit","EUR","-2.88",,"Receiving Fee","BD3CC1DC","inv-122 part 2"
"6/1/2026","15:55:07","Credit","EUR","4450.00",,"Payment from SMARTMEDIASOLVING OU to Ad Rice EUR ACCOUNT","BD3CC1DC","inv-122 part 2"
"6/1/2026","15:28:08","Debit","EUR","-8.60",,"Receiving Fee","C020CFA2","Inv-122 part 1"
"6/1/2026","15:28:08","Credit","EUR","15900.00",,"Payment from SmartMediaSolving OU to Ad Rice EUR ACCOUNT","C020CFA2","Inv-122 part 1"
"6/1/2026","13:10:15","Debit","EUR","-2.60",,"Processing Fee","25813CD6","inv n. 206 del 01/06/2026"
"6/1/2026","13:10:15","Debit","EUR","-2808.00","Spoladori Davide (new Iban HYPE)","Transfer to Spoladori Davide (new Iban HYPE)","25813CD6","inv n. 206 del 01/06/2026"
"6/1/2026","12:59:58","Debit","EUR","-2.60",,"Processing Fee","54360F1A","No. 201287204"
"6/1/2026","12:59:58","Debit","EUR","-3731.00","WSCP LLC (fr_giro)","Transfer to WSCP LLC (fr_giro)","54360F1A","No. 201287204"
"6/1/2026","12:57:57","Debit","EUR","-2.60",,"Processing Fee","ECF4F0EC","nr. FPR 21/26 del 29/05/2026"
"6/1/2026","12:57:57","Debit","EUR","-2243.00","TC ADVERTISING SRLS","Transfer to TC ADVERTISING SRLS","ECF4F0EC","nr. FPR 21/26 del 29/05/2026"
"6/1/2026","10:47:01","Debit","EUR","-7.40",,"Receiving Fee","94908200","Inv-118 part 3 last"
"6/1/2026","10:47:01","Credit","EUR","13494.50",,"Payment from SmartMediaSolving to Ad Rice EUR ACCOUNT","94908200","Inv-118 part 3 last"
"6/1/2026","08:25:56","Debit","EUR","-13.15",,"Receiving Fee","05EAE630","inv-118 part 2"
"6/1/2026","08:25:56","Credit","EUR","25000.00",,"Payment from SMARTMEDIASOLVING OU to Ad Rice EUR ACCOUNT","05EAE630","inv-118 part 2"
"6/1/2026","06:31:16","Debit","EUR","-10.65",,"Receiving Fee","FB28391F","Inv-118 part 1"
"6/1/2026","06:31:16","Credit","EUR","20000.00",,"Payment from SmartMediaSolving OU to Ad Rice EUR ACCOUNT","FB28391F","Inv-118 part 1"
"5/29/2026","11:51:25","Debit","EUR","-6.90",,"Processing Fee","E0612560","marketing service"
"5/29/2026","11:51:25","Debit","EUR","-30.17",,"Fx Fee","E0612560","marketing service"
"5/29/2026","11:51:25","Debit","EUR","-8587.38","TECDO HONG KONG LIMITED","Transfer to TECDO HONG KONG LIMITED","E0612560","marketing service"
"5/29/2026","11:46:13","Debit","EUR","-6.90",,"Processing Fee","6E9FCFD3","marketing service"
"5/29/2026","11:46:13","Debit","EUR","-15.08",,"Fx Fee","6E9FCFD3","marketing service"
"5/29/2026","11:46:13","Debit","EUR","-4292.96","UL Digital (HK) Technology Co., Limited","Transfer to UL Digital (HK) Technology Co., Limited","6E9FCFD3","marketing service"
"5/29/2026","11:45:06","Debit","EUR","-6.90",,"Processing Fee","E6DC3567","marketing service"
"5/29/2026","11:45:06","Debit","EUR","-15.08",,"Fx Fee","E6DC3567","marketing service"
"5/29/2026","11:45:06","Debit","EUR","-4293.32","GLOBAL INTEGRATED MARKETING","Transfer to GLOBAL INTEGRATED MARKETING","E6DC3567","marketing service"
"5/29/2026","10:37:36","Debit","EUR","-8.15",,"Receiving Fee","32C3FF65","TXB260529325847,payment invoice inv-081it"
"5/29/2026","10:37:36","Credit","EUR","15000.00",,"Payment from Bizzer LLC to Ad Rice EUR ACCOUNT","32C3FF65","TXB260529325847,payment invoice inv-081it"
"5/29/2026","08:58:33","Debit","EUR","-7.81",,"Receiving Fee","4FC71D44","Inv-114"
"5/29/2026","08:58:33","Credit","EUR","14311.00",,"Payment from SmartMediaSolving to Ad Rice EUR ACCOUNT","4FC71D44","Inv-114"
"5/29/2026","07:59:49","Debit","EUR","-2.60",,"Processing Fee","00E1A429","INVOICE CWW000498"
"5/29/2026","07:59:48","Debit","EUR","-2282.00","COSWORLD STRATEGIC CONSULT S.R.L.","Transfer to COSWORLD STRATEGIC CONSULT S.R.L.","00E1A429","INVOICE CWW000498"
"5/29/2026","07:58:22","Debit","EUR","-2.60",,"Processing Fee","6AFC46CD","nr. FPR 17/26 del 27/05/2026"
"5/29/2026","07:58:22","Debit","EUR","-7992.00","ANTANA SRLS","Transfer to ANTANA SRLS","6AFC46CD","nr. FPR 17/26 del 27/05/2026"
"5/28/2026","16:06:21","Debit","EUR","-2.60",,"Processing Fee","A0233C0F","Invoice no: 77"
"5/28/2026","16:06:21","Debit","EUR","-3097.40","Lead Busters LLC","Transfer to Lead Busters LLC","A0233C0F","Invoice no: 77"
"5/28/2026","16:04:57","Debit","EUR","-2.60",,"Processing Fee","50716802","INVOICE NO.: CS/2026-05/69"
"5/28/2026","16:04:57","Debit","EUR","-5.91",,"Fx Fee","50716802","INVOICE NO.: CS/2026-05/69"
"5/28/2026","16:04:57","Debit","EUR","-1682.55","Clicksense LLC","Transfer to Clicksense LLC","50716802","INVOICE NO.: CS/2026-05/69"
"5/28/2026","16:03:27","Debit","EUR","-6.90",,"Processing Fee","4378DF77","inv 2026052502"
"5/28/2026","16:03:27","Debit","EUR","-14593.10","MG Media Tech LLC","Transfer to MG Media Tech LLC","4378DF77","inv 2026052502"
"5/28/2026","16:01:41","Debit","EUR","-2.60",,"Processing Fee","BAD349F5","No. 201287202"
"5/28/2026","16:01:41","Debit","EUR","-2438.40","WSCP LLC (fr_giro)","Transfer to WSCP LLC (fr_giro)","BAD349F5","No. 201287202"
"5/28/2026","14:20:05","Debit","EUR","-2.60",,"Processing Fee","7BECF586","Invoice No. 001 Date: 25/05/2026"
"5/28/2026","14:20:05","Debit","EUR","-70.16",,"Fx Fee","7BECF586","Invoice No. 001 Date: 25/05/2026"
"5/28/2026","14:20:05","Debit","EUR","-19974.26","Media Buying Society LLC","Transfer to Media Buying Society LLC","7BECF586","Invoice No. 001 Date: 25/05/2026"
"5/28/2026","11:11:06","Debit","EUR","-81.90",,"Receiving Fee","05B8D2ED","/REF/ Inter Company Transfer internal company transfer"
"5/28/2026","11:11:06","Credit","EUR","150000.00",,"Payment from ADRICE LLC FZ to Ad Rice EUR ACCOUNT","05B8D2ED","/REF/ Inter Company Transfer internal company transfer"
"5/28/2026","10:26:25","Debit","EUR","-5.65",,"Receiving Fee","263B1028","TXB260528323579,2 adv payment invoice inv-075"
"5/28/2026","10:26:25","Credit","EUR","10000.00",,"Payment from Bizzer LLC to Ad Rice EUR ACCOUNT","263B1028","TXB260528323579,2 adv payment invoice inv-075"
"5/28/2026","08:34:02","Debit","EUR","-5.48",,"Receiving Fee","DA808B37","TXB260527322143,1 adv payment invoice inv-075"
"5/28/2026","08:34:02","Credit","EUR","9660.00",,"Payment from Bizzer LLC to Ad Rice EUR ACCOUNT","DA808B37","TXB260527322143,1 adv payment invoice inv-075"
"5/28/2026","06:56:17","Debit","EUR","-2.60",,"Processing Fee","043ABE98","inv 0252"
"5/28/2026","06:56:17","Debit","EUR","-490.00",,"Fx Fee","043ABE98","inv 0252"
"5/28/2026","06:56:17","Debit","EUR","-139507.40","COD KINGDOM LLC SLASH","Transfer to COD KINGDOM LLC SLASH","043ABE98","inv 0252"
"5/28/2026","06:53:15","Debit","EUR","-2.60",,"Processing Fee","5A67449A","Invoice No. 0246"
"5/28/2026","06:53:15","Debit","EUR","-151.29",,"Fx Fee","5A67449A","Invoice No. 0246"
"5/28/2026","06:53:15","Debit","EUR","-43073.75","COD KINGDOM LLC SLASH","Transfer to COD KINGDOM LLC SLASH","5A67449A","Invoice No. 0246"
"5/28/2026","00:42:55","Debit","EUR","-81.90",,"Receiving Fee","FA84B9A5","/REF/ Inter Company Transfer internal funds transfer"
"5/28/2026","00:42:55","Credit","EUR","150000.00",,"Payment from ADRICE LLC FZ to Ad Rice EUR ACCOUNT","FA84B9A5","/REF/ Inter Company Transfer internal funds transfer"
"5/27/2026","12:23:22","Debit","EUR","-2.60",,"Processing Fee","4A0E072F","Fattura 17/2026 26/05/2026"
"5/27/2026","12:23:21","Debit","EUR","-207.35","Sebastiano Vladislav Bazzanella","Transfer to Sebastiano Vladislav Bazzanella","4A0E072F","Fattura 17/2026 26/05/2026"
"5/27/2026","04:43:02","Debit","EUR","-21.90",,"Receiving Fee","A6EF3550","/REF/ INTER COMPANY TRANSFER INTERNAL COMPANY TRANSFER"
"5/27/2026","04:43:02","Credit","EUR","30000.00",,"Payment from ADRICE LLC FZ to Ad Rice EUR ACCOUNT","A6EF3550","/REF/ INTER COMPANY TRANSFER INTERNAL COMPANY TRANSFER"
"5/26/2026","16:40:11","Debit","EUR","-2.60",,"Processing Fee","48F65151","Invoice No. 0246"
"5/26/2026","16:40:11","Debit","EUR","-87.50",,"Fx Fee","48F65151","Invoice No. 0246"
"5/26/2026","16:40:11","Debit","EUR","-24909.90","COD KINGDOM LLC SLASH","Transfer to COD KINGDOM LLC SLASH","48F65151","Invoice No. 0246"
"5/26/2026","08:51:52","Debit","EUR","-6.90",,"Processing Fee","7BA2EEC6","Marketing service Vidau"
"5/26/2026","08:51:52","Debit","EUR","-45.27",,"Fx Fee","7BA2EEC6","Marketing service Vidau"
"5/26/2026","08:51:52","Debit","EUR","-12888.82","VIDAU TECHNOLOGY LIMITED","Transfer to VIDAU TECHNOLOGY LIMITED","7BA2EEC6","Marketing service Vidau"
"5/26/2026","08:50:18","Debit","EUR","-6.90",,"Processing Fee","0468E816","marketing Service FB"
"5/26/2026","08:50:18","Debit","EUR","-6.04",,"Fx Fee","0468E816","marketing Service FB"
"5/26/2026","08:50:18","Debit","EUR","-1718.81","UL Digital (HK) Technology Co., Limited","Transfer to UL Digital (HK) Technology Co., Limited","0468E816","marketing Service FB"
"5/25/2026","15:39:46","Debit","EUR","-4.39",,"Receiving Fee","09A931C3","Inv-105 part 3 last"
"5/25/2026","15:39:46","Credit","EUR","7465.00",,"Payment from SmartMediaSolving to Ad Rice EUR ACCOUNT","09A931C3","Inv-105 part 3 last"
"5/25/2026","15:39:46","Debit","EUR","-5.65",,"Receiving Fee","FB49E7A0","inv-105 part 2"
"5/25/2026","15:39:46","Credit","EUR","10000.00",,"Payment from SMARTMEDIASOLVING OU to Ad Rice EUR ACCOUNT","FB49E7A0","inv-105 part 2"
"5/25/2026","13:34:32","Debit","EUR","-8.65",,"Receiving Fee","012CDF56","Inv-105 part 1"
"5/25/2026","13:34:32","Credit","EUR","16000.00",,"Payment from SmartMediaSolving OU to Ad Rice EUR ACCOUNT","012CDF56","Inv-105 part 1"
"5/25/2026","09:19:18","Debit","EUR","-2.60",,"Processing Fee","02EC3DAC","No. 20128719"
"5/25/2026","09:19:18","Debit","EUR","-3684.00","WSCP LLC (fr_giro)","Transfer to WSCP LLC (fr_giro)","02EC3DAC","No. 20128719"
"5/25/2026","09:16:02","Debit","EUR","-2.60",,"Processing Fee","B0739F6C","Invoice 0000087"
"5/25/2026","09:16:02","Debit","EUR","-52287.99","Daddys Line LLC","Transfer to Daddys Line LLC","B0739F6C","Invoice 0000087"
"5/25/2026","07:59:34","Debit","EUR","-2.60",,"Processing Fee","9C4F9221","Invoice 0000088"
"5/25/2026","07:59:34","Debit","EUR","-784.58","Daddys Line LLC","Transfer to Daddys Line LLC","9C4F9221","Invoice 0000088"
"5/25/2026","07:56:18","Debit","EUR","-2.60",,"Processing Fee","3414B679","Invoice 0000086"
"5/25/2026","07:56:18","Debit","EUR","-56938.36","Daddys Line LLC","Transfer to Daddys Line LLC","3414B679","Invoice 0000086"
"5/25/2026","07:55:16","Debit","EUR","-2.60",,"Processing Fee","974392B2","Invoice 0000085"
"5/25/2026","07:55:16","Debit","EUR","-22138.21","Daddys Line LLC","Transfer to Daddys Line LLC","974392B2","Invoice 0000085"
"5/25/2026","07:53:38","Debit","EUR","-2.60",,"Processing Fee","4E70E730","Pro Forma Invoice: 4646 from Adrice"
"5/25/2026","07:53:38","Debit","EUR","-1198.00","Traffic Manager Group S.R.L.","Transfer to Traffic Manager Group S.R.L.","4E70E730","Pro Forma Invoice: 4646 from Adrice"
"5/23/2026","14:39:44","Debit","EUR","-2.60",,"Processing Fee","53BE4C8A","INVOICE CWW000496"
"5/23/2026","14:39:44","Debit","EUR","-1311.00","COSWORLD STRATEGIC CONSULT S.R.L.","Transfer to COSWORLD STRATEGIC CONSULT S.R.L.","53BE4C8A","INVOICE CWW000496"
"5/23/2026","14:38:24","Debit","EUR","-2.60",,"Processing Fee","1043C15C","inv number 193 del 22/05/2026"
"5/23/2026","14:38:24","Debit","EUR","-1470.00","Spoladori Davide","Transfer to Spoladori Davide","1043C15C","inv number 193 del 22/05/2026"
"5/22/2026","10:32:18","Debit","EUR","-7.62",,"Receiving Fee","9B1A0DAD","Inv-100"
"5/22/2026","10:32:18","Credit","EUR","13937.00",,"Payment from SmartMediaSolving to Ad Rice EUR ACCOUNT","9B1A0DAD","Inv-100"
"5/22/2026","08:48:03","Debit","EUR","-2.60",,"Processing Fee","41D1A775","Invoice BF 0184"
"5/22/2026","08:48:03","Debit","EUR","-10000.00","BOOSTER28 ADS S.R.L.","Transfer to BOOSTER28 ADS S.R.L.","41D1A775","Invoice BF 0184"
"5/22/2026","08:38:23","Debit","EUR","-2.60",,"Processing Fee","0181521A","INVOICE no. 395/2026 of 2026-05-21"
"5/22/2026","08:38:23","Debit","EUR","-18858.00","ZARK S.R.L.","Transfer to ZARK S.R.L.","0181521A","INVOICE no. 395/2026 of 2026-05-21"
"5/22/2026","08:36:48","Debit","EUR","-2.60",,"Processing Fee","DC3DC3C4","INVOICE CWW000495"
"5/22/2026","08:36:48","Debit","EUR","-3695.00","COSWORLD STRATEGIC CONSULT S.R.L.","Transfer to COSWORLD STRATEGIC CONSULT S.R.L.","DC3DC3C4","INVOICE CWW000495"
"5/22/2026","08:34:57","Debit","EUR","-2.60",,"Processing Fee","87029076","nr. FPR 20/26 del 21/05/2026"
"5/22/2026","08:34:57","Debit","EUR","-2377.50","TC ADVERTISING SRLS","Transfer to TC ADVERTISING SRLS","87029076","nr. FPR 20/26 del 21/05/2026"
"5/22/2026","08:20:14","Debit","EUR","-2.60",,"Processing Fee","46680827","Invoice no: 75"
"5/22/2026","08:20:14","Debit","EUR","-2800.00","Lead Busters LLC","Transfer to Lead Busters LLC","46680827","Invoice no: 75"
"5/22/2026","08:18:49","Debit","EUR","-2.60",,"Processing Fee","1AB24BB5","No. 20128715"
"5/22/2026","08:18:49","Debit","EUR","-2658.00","WSCP LLC (fr_giro)","Transfer to WSCP LLC (fr_giro)","1AB24BB5","No. 20128715"
"5/21/2026","14:38:48","Debit","EUR","-2.60",,"Processing Fee","F3B4F7F6","Series BD Number 26001"
"5/21/2026","14:38:48","Debit","EUR","-16200.00","BAISANU DIGITAL S.R.L.","Transfer to BAISANU DIGITAL S.R.L.","F3B4F7F6","Series BD Number 26001"
"5/20/2026","15:50:55","Debit","EUR","-2.60",,"Processing Fee","76EC00AC","INVOICE CWW000493"
"5/20/2026","15:50:55","Debit","EUR","-3112.00","COSWORLD STRATEGIC CONSULT S.R.L.","Transfer to COSWORLD STRATEGIC CONSULT S.R.L.","76EC00AC","INVOICE CWW000493"
"5/20/2026","15:48:38","Debit","EUR","-2.60",,"Processing Fee","E8B6437A","INVOICE no. 91/2026 of 2026-05-19"
"5/20/2026","15:48:38","Debit","EUR","-13218.00","MARE S.R.L. unipersonale","Transfer to MARE S.R.L. unipersonale","E8B6437A","INVOICE no. 91/2026 of 2026-05-19"
"5/20/2026","15:46:58","Debit","EUR","-2.60",,"Processing Fee","099A4D43","nr. FPR 24/26 del 19/05/2026"
"5/20/2026","15:46:58","Debit","EUR","-6429.00","NCM srls","Transfer to NCM srls","099A4D43","nr. FPR 24/26 del 19/05/2026"
"5/20/2026","15:40:17","Debit","EUR","-2.60",,"Processing Fee","A4377D21","inv 184 del 19/05/2026"
"5/20/2026","15:40:17","Debit","EUR","-2413.00","Spoladori Davide","Transfer to Spoladori Davide","A4377D21","inv 184 del 19/05/2026"
"5/20/2026","15:38:33","Debit","EUR","-2.60",,"Processing Fee","5170F27C","INVOICE no. 39/2026 of 2026-05-18"
"5/20/2026","15:38:33","Debit","EUR","-22509.00","MANY LEADS S.R.L.","Transfer to MANY LEADS S.R.L.","5170F27C","INVOICE no. 39/2026 of 2026-05-18"
"5/20/2026","12:16:38","Debit","EUR","-10.65",,"Receiving Fee","00E7B8A6","TXB260520310913,5 adv payment inv inv-065"
"5/20/2026","12:16:38","Credit","EUR","20000.00",,"Payment from Bizzer LLC to Ad Rice EUR ACCOUNT","00E7B8A6","TXB260520310913,5 adv payment inv inv-065"
"5/19/2026","16:54:34","Debit","EUR","-6.90",,"Processing Fee","632D90F5","marketing service"
"5/19/2026","16:54:34","Debit","EUR","-6.06",,"Fx Fee","632D90F5","marketing service"
"5/19/2026","16:54:34","Debit","EUR","-1722.95","UL Digital (HK) Technology Co., Limited","Transfer to UL Digital (HK) Technology Co., Limited","632D90F5","marketing service"
"5/19/2026","16:32:44","Debit","EUR","-6.90",,"Processing Fee","7FF36501","marketing service"
"5/19/2026","16:32:44","Debit","EUR","-10000.00","SAASPHERE LTD","Transfer to SAASPHERE LTD","7FF36501","marketing service"
"5/19/2026","13:58:54","Debit","EUR","-13.14",,"Receiving Fee","E6601A73","inv-096"
"5/19/2026","13:58:54","Credit","EUR","24971.00",,"Payment from SMARTMEDIASOLVING OU to Ad Rice EUR ACCOUNT","E6601A73","inv-096"
"5/18/2026","13:32:29","Debit","EUR","-2.60",,"Processing Fee","CE89A01C","INVOICE CWW000492"
"5/18/2026","13:32:29","Debit","EUR","-1385.00","COSWORLD STRATEGIC CONSULT S.R.L.","Transfer to COSWORLD STRATEGIC CONSULT S.R.L.","CE89A01C","INVOICE CWW000492"
"5/18/2026","11:28:19","Debit","EUR","-2.60",,"Processing Fee","3F446690","No. 20128711"
"5/18/2026","11:28:19","Debit","EUR","-7122.00","WSCP LLC (fr_giro)","Transfer to WSCP LLC (fr_giro)","3F446690","No. 20128711"
"5/18/2026","11:19:11","Debit","EUR","-2.60",,"Processing Fee","CF29E3EE","Fattura n. 44 del 14/05/2026"
"5/18/2026","11:19:11","Debit","EUR","-8040.00","LEADCOB S.R.L.","Transfer to LEADCOB S.R.L.","CF29E3EE","Fattura n. 44 del 14/05/2026"
"5/18/2026","11:16:04","Debit","EUR","-2.60",,"Processing Fee","F0C0F4F7","nr. FPR 18/26 del 14/05/2026"
"5/18/2026","11:16:04","Debit","EUR","-2159.00","TC ADVERTISING SRLS","Transfer to TC ADVERTISING SRLS","F0C0F4F7","nr. FPR 18/26 del 14/05/2026"
"5/18/2026","11:14:08","Debit","EUR","-2.60",,"Processing Fee","05D9BD64","inv 180 del 14/05/2026"
"5/18/2026","11:14:08","Debit","EUR","-1127.00","Spoladori Davide","Transfer to Spoladori Davide","05D9BD64","inv 180 del 14/05/2026"
"5/18/2026","07:50:39","Debit","EUR","-10.15",,"Receiving Fee","E7BB06BD","inv-090 part 1"
"5/18/2026","07:50:39","Credit","EUR","19000.00",,"Payment from SMARTMEDIASOLVING OU to Ad Rice EUR ACCOUNT","E7BB06BD","inv-090 part 1"
"5/18/2026","06:50:38","Debit","EUR","-10.32",,"Receiving Fee","D5F541D1","Inv-090 part 2 last"
"5/18/2026","06:50:38","Credit","EUR","19334.50",,"Payment from SmartMediaSolving OU to Ad Rice EUR ACCOUNT","D5F541D1","Inv-090 part 2 last"
"5/15/2026","15:01:17","Debit","EUR","-6.85",,"Processing Fee","F49B0F8D","marketing service"
"5/15/2026","15:01:17","Debit","EUR","-5000.00","SAASPHERE LTD","Transfer to SAASPHERE LTD","F49B0F8D","marketing service"
"5/15/2026","14:59:22","Debit","EUR","-2.60",,"Processing Fee","678EECBE","Fattura del 13 maggio 2026"
"5/15/2026","14:59:22","Debit","EUR","-38387.74","Leagix Sagl","Transfer to Leagix Sagl","678EECBE","Fattura del 13 maggio 2026"
"5/15/2026","14:55:04","Debit","EUR","-2.60",,"Processing Fee","5DCC15F4","n. 15/26 del 15/05/2026"
"5/15/2026","14:55:04","Debit","EUR","-12225.52","Feel s.r.l.","Transfer to Feel s.r.l.","5DCC15F4","n. 15/26 del 15/05/2026"
"5/15/2026","10:45:55","Debit","EUR","-8.15",,"Receiving Fee","3A9129FD","TXB260515302107,4adv payment inv-065"
"5/15/2026","10:45:55","Credit","EUR","15000.00",,"Payment from Bizzer LLC to Ad Rice EUR ACCOUNT","3A9129FD","TXB260515302107,4adv payment inv-065"
"5/15/2026","07:57:09","Debit","EUR","-10.65",,"Receiving Fee","CB505289","TXB260514300649,3 adv payment inv-065"
"5/15/2026","07:57:09","Credit","EUR","20000.00",,"Payment from Bizzer LLC to Ad Rice EUR ACCOUNT","CB505289","TXB260514300649,3 adv payment inv-065"
"5/14/2026","14:16:04","Debit","EUR","-5.86",,"Receiving Fee","81892772","inv-086 part 2 last"
"5/14/2026","14:16:04","Credit","EUR","10419.00",,"Payment from SMARTMEDIASOLVING OU to Ad Rice EUR ACCOUNT","81892772","inv-086 part 2 last"
"5/14/2026","06:28:35","Debit","EUR","-2.60",,"Processing Fee","ACEB642F","Invoice no: 71"
"5/14/2026","06:28:35","Debit","EUR","-1230.00","Lead Busters LLC","Transfer to Lead Busters LLC","ACEB642F","Invoice no: 71"
"5/14/2026","06:26:52","Debit","EUR","-2.60",,"Processing Fee","E41A1736","nr. FPR 4/26 del 13/05/2026"
"5/14/2026","06:26:52","Debit","EUR","-1500.00","STEFANO DI GIOVANNI (new Iban)","Transfer to STEFANO DI GIOVANNI (new Iban)","E41A1736","nr. FPR 4/26 del 13/05/2026"
"5/14/2026","06:23:55","Debit","EUR","-6.85",,"Processing Fee","C1C976B5","Invoice No 12"
"5/14/2026","06:23:55","Debit","EUR","-689.00","Tanisha Khandelwal","Transfer to Tanisha Khandelwal","C1C976B5","Invoice No 12"
"5/13/2026","15:03:11","Debit","EUR","-2.60",,"Processing Fee","4066DEA7","Invoice BO 0479"
"5/13/2026","15:03:11","Debit","EUR","-40542.00","BORN ONLINE S.R.L.","Transfer to BORN ONLINE S.R.L.","4066DEA7","Invoice BO 0479"
"5/13/2026","15:00:46","Debit","EUR","-6.85",,"Processing Fee","69116E78","inv 2926051101"
"5/13/2026","15:00:46","Debit","EUR","-17000.00","MG Media Tech LLC","Transfer to MG Media Tech LLC","69116E78","inv 2926051101"
"5/13/2026","13:52:49","Debit","EUR","-3.40",,"Receiving Fee","494B4B6B","Inv-079 part 1"
"5/13/2026","13:52:49","Credit","EUR","5488.00",,"Payment from SmartMediaSolving to Ad Rice EUR ACCOUNT","494B4B6B","Inv-079 part 1"
"5/13/2026","13:40:13","Debit","EUR","-7.23",,"Receiving Fee","C316EF81","inv-079 part 2"
"5/13/2026","13:40:13","Credit","EUR","13156.00",,"Payment from SMARTMEDIASOLVING OU to Ad Rice EUR ACCOUNT","C316EF81","inv-079 part 2"
"5/13/2026","13:39:53","Debit","EUR","-2.88",,"Receiving Fee","F25E908D","Inv-086 part 1"
"5/13/2026","13:39:53","Credit","EUR","4441.00",,"Payment from SmartMediaSolving OU to Ad Rice EUR ACCOUNT","F25E908D","Inv-086 part 1"
"5/13/2026","13:37:53","Debit","EUR","-2.43",,"Receiving Fee","494C2D31","Inv-079 part 3 last"
"5/13/2026","13:37:53","Credit","EUR","3559.00",,"Payment from SmartMediaSolving OU to Ad Rice EUR ACCOUNT","494C2D31","Inv-079 part 3 last"
"5/13/2026","13:19:07","Debit","EUR","-1758.00","SPAG Program OU","Transfer to SPAG Program OU","2A9A5257","Invoice 25"
"5/12/2026","14:44:55","Debit","EUR","-2.60",,"Processing Fee","56141241","INVOICE no. 36/2026 of 2026-05-11"
"5/12/2026","14:44:55","Debit","EUR","-31214.00","MANY LEADS S.R.L.","Transfer to MANY LEADS S.R.L.","56141241","INVOICE no. 36/2026 of 2026-05-11"
"5/12/2026","14:43:14","Debit","EUR","-2.60",,"Processing Fee","349DA4AF","INVOICE no. 83/2026 of 2026-05-11"
"5/12/2026","14:43:14","Debit","EUR","-18114.00","MARE S.R.L. unipersonale","Transfer to MARE S.R.L. unipersonale","349DA4AF","INVOICE no. 83/2026 of 2026-05-11"
"5/12/2026","14:41:41","Debit","EUR","-2.60",,"Processing Fee","B9BBD324","No. 2012876"
"5/12/2026","14:41:41","Debit","EUR","-2638.00","WSCP LLC (fr_giro)","Transfer to WSCP LLC (fr_giro)","B9BBD324","No. 2012876"
"5/12/2026","14:37:15","Debit","EUR","-2.60",,"Processing Fee","36F62E1C","Invoice n 11"
"5/12/2026","14:37:15","Debit","EUR","-6280.00","ADVISION AI S.R.L.","Transfer to ADVISION AI S.R.L.","36F62E1C","Invoice n 11"
"5/12/2026","13:56:38","Debit","EUR","-11.10",,"Receiving Fee","789AFEB3","inv-074 part 5 last"
"5/12/2026","13:56:38","Credit","EUR","20888.00",,"Payment from SMARTMEDIASOLVING OU to Ad Rice EUR ACCOUNT","789AFEB3","inv-074 part 5 last"
"5/12/2026","13:56:37","Debit","EUR","-5.29",,"Receiving Fee","C2165AF2","Inv-074 part 3"
"5/12/2026","13:56:37","Credit","EUR","9276.00",,"Payment from SmartMediaSolving to Ad Rice EUR ACCOUNT","C2165AF2","Inv-074 part 3"
"5/12/2026","13:39:43","Debit","EUR","-9.65",,"Receiving Fee","72E846B9","Inv-074 part 4"
"5/12/2026","13:39:43","Credit","EUR","18000.00",,"Payment from SmartMediaSolving OU to Ad Rice EUR ACCOUNT","72E846B9","Inv-074 part 4"
"5/12/2026","08:55:17","Debit","EUR","-8.15",,"Receiving Fee","DEFA3719","TXB260511293664,2 adv payment invoice inv-065"
"5/12/2026","08:55:17","Credit","EUR","15000.00",,"Payment from Bizzer LLC to Ad Rice EUR ACCOUNT","DEFA3719","TXB260511293664,2 adv payment invoice inv-065"
"5/11/2026","14:57:58","Debit","EUR","-2.60",,"Processing Fee","144F3EF3","fattura RE-00051-2023"
"5/11/2026","14:57:58","Debit","EUR","-35788.03","Databrand sagl","Transfer to Databrand sagl","144F3EF3","fattura RE-00051-2023"
"5/11/2026","14:26:27","Debit","EUR","-9.63",,"Receiving Fee","C9CFC899","inv-074 part 2"
"5/11/2026","14:26:27","Credit","EUR","17950.00",,"Payment from SMARTMEDIASOLVING OU to Ad Rice EUR ACCOUNT","C9CFC899","inv-074 part 2"
"5/11/2026","14:07:22","Debit","EUR","-6.36",,"Receiving Fee","64B80FB7","Inv-074 part 1"
"5/11/2026","14:07:22","Credit","EUR","11419.00",,"Payment from SmartMediaSolving OU to Ad Rice EUR ACCOUNT","64B80FB7","Inv-074 part 1"
"5/11/2026","06:52:08","Debit","EUR","-2.60",,"Processing Fee","F374C156","Invoice  2005-19820"
"5/11/2026","06:52:08","Debit","EUR","-22579.02","CONDWIRAMURS S.L.","Transfer to CONDWIRAMURS S.L.","F374C156","Invoice  2005-19820"
"5/9/2026","09:36:43","Debit","EUR","-2.60",,"Processing Fee","CF29819F","nr. 170 del 08/05/2026"
"5/9/2026","09:36:43","Debit","EUR","-771.00","Spoladori Davide","Transfer to Spoladori Davide","CF29819F","nr. 170 del 08/05/2026"
"5/9/2026","09:35:12","Debit","EUR","-2.60",,"Processing Fee","9196EEDE","No. 2012874"
"5/9/2026","09:35:12","Debit","EUR","-3873.00","WSCP LLC (fr_giro)","Transfer to WSCP LLC (fr_giro)","9196EEDE","No. 2012874"
"5/8/2026","14:10:06","Debit","EUR","-2.60",,"Processing Fee","B629826E","INVOICE no. 386/2026 of 2026-05-07"
"5/8/2026","14:10:06","Debit","EUR","-29562.00","ZARK S.R.L.","Transfer to ZARK S.R.L.","B629826E","INVOICE no. 386/2026 of 2026-05-07"
"5/8/2026","14:08:12","Debit","EUR","-2.60",,"Processing Fee","9405AD37","nr. FPR 15/26 del 06/05/2026"
"5/8/2026","14:08:12","Debit","EUR","-9622.00","ANTANA SRLS","Transfer to ANTANA SRLS","9405AD37","nr. FPR 15/26 del 06/05/2026"
"5/8/2026","12:41:40","Debit","EUR","-7.32",,"Receiving Fee","AA805745","TXB260508288578,1 adv payment inv. inv-065"
"5/8/2026","12:41:40","Credit","EUR","13340.00",,"Payment from Bizzer LLC to Ad Rice EUR ACCOUNT","AA805745","TXB260508288578,1 adv payment inv. inv-065"
"5/8/2026","12:02:20","Debit","EUR","-5.65",,"Receiving Fee","E2D5AFF1","TXB260508288560,5 adv payment inv. inv-050"
"5/8/2026","12:02:20","Credit","EUR","10000.00",,"Payment from Bizzer LLC to Ad Rice EUR ACCOUNT","E2D5AFF1","TXB260508288560,5 adv payment inv. inv-050"
"5/8/2026","06:51:07","Debit","EUR","-2.60",,"Processing Fee","E6708044","Data wystawienia / Issue date: INVOICE 2026-05-06"
"5/8/2026","06:51:07","Debit","EUR","-25000.00","DISTRIBUTED GROWTH SP. Z O.O.","Transfer to DISTRIBUTED GROWTH SP. Z O.O.","E6708044","Data wystawienia / Issue date: INVOICE 2026-05-06"
"5/7/2026","15:32:28","Debit","EUR","-2.34",,"Receiving Fee","0EA557E6","inv-069 part 2 last"
"5/7/2026","15:32:28","Credit","EUR","3377.00",,"Payment from SMARTMEDIASOLVING OU to Ad Rice EUR ACCOUNT","0EA557E6","inv-069 part 2 last"
"5/7/2026","15:32:09","Debit","EUR","-1.51",,"Receiving Fee","DF422EBD","Inv-069 part 1"
"5/7/2026","15:32:09","Credit","EUR","1705.00",,"Payment from SmartMediaSolving to Ad Rice EUR ACCOUNT","DF422EBD","Inv-069 part 1"
"5/7/2026","13:21:28","Debit","EUR","-6.85",,"Processing Fee","9D255C16","invoice 1501601842960646144"
"5/7/2026","13:21:28","Debit","EUR","-5.97",,"Fx Fee","9D255C16","invoice 1501601842960646144"
"5/7/2026","13:21:28","Debit","EUR","-1698.52","GLOBAL INTEGRATED MARKETING","Transfer to GLOBAL INTEGRATED MARKETING","9D255C16","invoice 1501601842960646144"
"5/7/2026","12:49:23","Debit","EUR","-6.85",,"Processing Fee","8D968714","Vidau Agency marketing costs"
"5/7/2026","12:49:23","Debit","EUR","-44.75",,"Fx Fee","8D968714","Vidau Agency marketing costs"
"5/7/2026","12:49:23","Debit","EUR","-12738.86","VIDAU TECHNOLOGY LIMITED","Transfer to VIDAU TECHNOLOGY LIMITED","8D968714","Vidau Agency marketing costs"
"5/6/2026","15:44:24","Debit","EUR","-4.65",,"Receiving Fee","C8F0CFAA","inv-059 part 5 last"
"5/6/2026","15:44:24","Credit","EUR","7992.00",,"Payment from SMARTMEDIASOLVING OU to Ad Rice EUR ACCOUNT","C8F0CFAA","inv-059 part 5 last"
"5/6/2026","15:44:24","Debit","EUR","-2.71",,"Receiving Fee","8783FD71","Inv-059 part 4"
"5/6/2026","15:44:24","Credit","EUR","4105.00",,"Payment from SmartMediaSolving to Ad Rice EUR ACCOUNT","8783FD71","Inv-059 part 4"
"5/6/2026","15:07:27","Debit","EUR","-2.60",,"Processing Fee","8E34804E","nr. FPR 23/26 del 06/05/2026"
"5/6/2026","15:07:27","Debit","EUR","-12161.00","NCM srls","Transfer to NCM srls","8E34804E","nr. FPR 23/26 del 06/05/2026"
"5/6/2026","15:06:14","Debit","EUR","-2.60",,"Processing Fee","6B275B96","INVOICE no. 380/2026 of 2026-05-05"
"5/6/2026","15:06:14","Debit","EUR","-27928.00","ZARK S.R.L.","Transfer to ZARK S.R.L.","6B275B96","INVOICE no. 380/2026 of 2026-05-05"
"5/6/2026","13:53:11","Debit","EUR","-2.60",,"Processing Fee","1F343C7C","INVOICE CWW000491"
"5/6/2026","13:53:11","Debit","EUR","-1172.00","COSWORLD STRATEGIC CONSULT S.R.L.","Transfer to COSWORLD STRATEGIC CONSULT S.R.L.","1F343C7C","INVOICE CWW000491"
"5/6/2026","13:41:05","Debit","EUR","-2.60",,"Processing Fee","EC0C1F6A","INVOICE CWW000490 Issue date: 04/05/2026"
"5/6/2026","13:41:05","Debit","EUR","-556.00","COSWORLD STRATEGIC CONSULT S.R.L.","Transfer to COSWORLD STRATEGIC CONSULT S.R.L.","EC0C1F6A","INVOICE CWW000490 Issue date: 04/05/2026"
"5/6/2026","13:34:32","Debit","EUR","-2.60",,"Processing Fee","D377D5D1","fattura RE-00050-2023"
"5/6/2026","13:34:32","Debit","EUR","-5674.00","Databrand sagl","Transfer to Databrand sagl","D377D5D1","fattura RE-00050-2023"
"5/6/2026","13:20:36","Debit","EUR","-2.60",,"Processing Fee","AF1B4163","fattura 162 del 04/05/2026"
"5/6/2026","13:20:36","Debit","EUR","-2219.00","Spoladori Davide","Transfer to Spoladori Davide","AF1B4163","fattura 162 del 04/05/2026"
"5/6/2026","13:19:05","Debit","EUR","-1119.00","SPAG Program OU","Transfer to SPAG Program OU","E97B8A69","Invoice 23 Invoice Date 4/05/2026"
"5/6/2026","13:17:28","Debit","EUR","-2.60",,"Processing Fee","ED5A6DE9","INVOICE no. 77/2026 of 2026-05-04"
"5/6/2026","13:17:28","Debit","EUR","-15259.00","MARE S.R.L. unipersonale","Transfer to MARE S.R.L. unipersonale","ED5A6DE9","INVOICE no. 77/2026 of 2026-05-04"
"5/6/2026","13:14:40","Debit","EUR","-2.60",,"Processing Fee","362774F9","INVOICE no. 34/2026 of 2026-05-04"
"5/6/2026","13:14:40","Debit","EUR","-18026.00","MANY LEADS S.R.L.","Transfer to MANY LEADS S.R.L.","362774F9","INVOICE no. 34/2026 of 2026-05-04"
"5/6/2026","13:13:07","Debit","EUR","-2.60",,"Processing Fee","ADE2355B","nr. FPR 17/26 del 04/05/2026"
"5/6/2026","13:13:07","Debit","EUR","-2022.00","TC ADVERTISING SRLS","Transfer to TC ADVERTISING SRLS","ADE2355B","nr. FPR 17/26 del 04/05/2026"
"5/6/2026","12:58:59","Debit","EUR","-2.60",,"Processing Fee","9F1872CB","Invoice no: 62"
"5/6/2026","12:58:59","Debit","EUR","-6000.00","Lead Busters LLC","Transfer to Lead Busters LLC","9F1872CB","Invoice no: 62"
"5/6/2026","10:42:36","Debit","EUR","-10.65",,"Receiving Fee","0426731F","TXB260506284264,4 adv payment invoice inv-050"
"5/6/2026","10:42:36","Credit","EUR","20000.00",,"Payment from Bizzer LLC to Ad Rice EUR ACCOUNT","0426731F","TXB260506284264,4 adv payment invoice inv-050"
"5/5/2026","15:47:58","Debit","EUR","-0.80",,"Receiving Fee","4C234C6C","inv-064 part 2 last"
"5/5/2026","15:47:58","Credit","EUR","291.00",,"Payment from SMARTMEDIASOLVING OU to Ad Rice EUR ACCOUNT","4C234C6C","inv-064 part 2 last"
"5/5/2026","15:42:59","Debit","EUR","-4.65",,"Receiving Fee","C99D8F1F","Inv-064 part 1"
"5/5/2026","15:42:59","Credit","EUR","8000.00",,"Payment from SmartMediaSolving OU to Ad Rice EUR ACCOUNT","C99D8F1F","Inv-064 part 1"
"5/5/2026","15:35:58","Debit","EUR","-10.65",,"Receiving Fee","14A67E48","TXB260505281733,3 adv payment invoice inv-050"
"5/5/2026","15:35:58","Credit","EUR","20000.00",,"Payment from Bizzer LLC to Ad Rice EUR ACCOUNT","14A67E48","TXB260505281733,3 adv payment invoice inv-050"
"5/5/2026","14:26:27","Debit","EUR","-4.89",,"Receiving Fee","ED2C3F38","inv-059 part 2"
"5/5/2026","14:26:27","Credit","EUR","8475.00",,"Payment from SMARTMEDIASOLVING OU to Ad Rice EUR ACCOUNT","ED2C3F38","inv-059 part 2"
"5/5/2026","14:26:27","Debit","EUR","-1.90",,"Receiving Fee","41EE46E7","Inv-059 part 1"
"5/5/2026","14:26:27","Credit","EUR","2485.00",,"Payment from SmartMediaSolving to Ad Rice EUR ACCOUNT","41EE46E7","Inv-059 part 1"
"5/5/2026","13:55:56","Debit","EUR","-4.15",,"Receiving Fee","3D392423","Inv-059 part 3"
"5/5/2026","13:55:56","Credit","EUR","7000.00",,"Payment from SmartMediaSolving OU to Ad Rice EUR ACCOUNT","3D392423","Inv-059 part 3"
"5/4/2026","19:45:58","Debit","EUR","-2.60",,"Processing Fee","7E20D51D","INVOICENo. 2012869"
"5/4/2026","19:45:58","Debit","EUR","-6049.00","WSCP LLC (fr_giro)","Transfer to WSCP LLC (fr_giro)","7E20D51D","INVOICENo. 2012869"
"5/4/2026","19:43:01","Debit","EUR","-6.85",,"Processing Fee","C6F226DE","inv number 2026042702"
"5/4/2026","19:43:01","Debit","EUR","-24500.00","MG Media Tech LLC","Transfer to MG Media Tech LLC","C6F226DE","inv number 2026042702"
"5/4/2026","19:41:11","Debit","EUR","-2.60",,"Processing Fee","1F0C8B79","inv 159 del 30/04/2026"
"5/4/2026","19:41:11","Debit","EUR","-1451.00","Spoladori Davide","Transfer to Spoladori Davide","1F0C8B79","inv 159 del 30/04/2026"
"5/4/2026","15:45:03","Debit","EUR","-5.65",,"Receiving Fee","818A5C28","invoice inv-049it"
"5/4/2026","15:45:03","Credit","EUR","10000.00",,"Payment from Bizzer LLC to Ad Rice EUR ACCOUNT","818A5C28","invoice inv-049it"
"5/4/2026","09:19:15","Debit","EUR","-5.65",,"Receiving Fee","257AA9B6","1 adv payment invoice inv-049it"
"5/4/2026","09:19:15","Credit","EUR","10000.00",,"Payment from Bizzer LLC to Ad Rice EUR ACCOUNT","257AA9B6","1 adv payment invoice inv-049it"
"5/4/2026","09:04:40","Debit","EUR","-10.65",,"Receiving Fee","00C20B97","TXB260501275507,2 adv payment invoice inv-050"
"5/4/2026","09:04:40","Credit","EUR","20000.00",,"Payment from Bizzer LLC to Ad Rice EUR ACCOUNT","00C20B97","TXB260501275507,2 adv payment invoice inv-050"
"5/4/2026","07:03:18","Debit","EUR","-5.65",,"Receiving Fee","0C988C25","2 adv payment invoice inv-049it"
"5/4/2026","07:03:18","Credit","EUR","10000.00",,"Payment from Bizzer LLC to Ad Rice EUR ACCOUNT","0C988C25","2 adv payment invoice inv-049it"
"5/2/2026","16:52:41","Debit","EUR","-150.00","SPAG Program OU","Transfer to SPAG Program OU","CC0087F4","Invoice 21"
"5/2/2026","16:45:04","Debit","EUR","-2.60",,"Processing Fee","01740206","INVOICE no. 30/2026 of 2026-04-28"
"5/2/2026","16:45:04","Debit","EUR","-20576.00","MANY LEADS S.R.L.","Transfer to MANY LEADS S.R.L.","01740206","INVOICE no. 30/2026 of 2026-04-28"
"5/2/2026","16:43:44","Debit","EUR","-2.60",,"Processing Fee","8DFF3383","CWW000489"
"5/2/2026","16:43:44","Debit","EUR","-2855.00","COSWORLD STRATEGIC CONSULT S.R.L.","Transfer to COSWORLD STRATEGIC CONSULT S.R.L.","8DFF3383","CWW000489"
"5/2/2026","16:42:13","Debit","EUR","-2.60",,"Processing Fee","B9B08363","INVOICE no. 75/2026 of 2026-04-28"
"5/2/2026","16:42:13","Debit","EUR","-17742.00","MARE S.R.L. unipersonale","Transfer to MARE S.R.L. unipersonale","B9B08363","INVOICE no. 75/2026 of 2026-04-28"
"4/30/2026","12:37:20","Debit","EUR","-11.70",,"Receiving Fee","C8A90CEB","Inv-055"
"4/30/2026","12:37:20","Credit","EUR","22093.50",,"Payment from SmartMediaSolving to Ad Rice EUR ACCOUNT","C8A90CEB","Inv-055"
"4/30/2026","11:59:59","Debit","EUR","-11.98",,"Receiving Fee","778A3092","TXB260430273979,1 adv payment invoice inv-50"
"4/30/2026","11:59:59","Credit","EUR","22660.00",,"Payment from Bizzer LLC to Ad Rice EUR ACCOUNT","778A3092","TXB260430273979,1 adv payment invoice inv-50"
"4/30/2026","08:41:58","Debit","EUR","-10.65",,"Receiving Fee","103DA9C3","TXB260429272479,6 adv payment invoice inv-031"
"4/30/2026","08:41:58","Credit","EUR","20000.00",,"Payment from Bizzer LLC to Ad Rice EUR ACCOUNT","103DA9C3","TXB260429272479,6 adv payment invoice inv-031"
"4/29/2026","13:56:38","Debit","EUR","-3.91",,"Receiving Fee","2E1F0A1A","inv-048 part 2 last"
"4/29/2026","13:56:38","Credit","EUR","6507.00",,"Payment from SMARTMEDIASOLVING OU to Ad Rice EUR ACCOUNT","2E1F0A1A","inv-048 part 2 last"
"4/29/2026","13:45:07","Debit","EUR","-10.65",,"Receiving Fee","F22A7A32","Inv 048 part 1"
"4/29/2026","13:45:07","Credit","EUR","20000.00",,"Payment from SmartMediaSolving OU to Ad Rice EUR ACCOUNT","F22A7A32","Inv 048 part 1"
"4/28/2026","15:55:14","Debit","EUR","-5.65",,"Receiving Fee","5DBC08D7","TXB260428269328,5 adv payment invoice inv-031"
"4/28/2026","15:55:14","Credit","EUR","10000.00",,"Payment from Bizzer LLC to Ad Rice EUR ACCOUNT","5DBC08D7","TXB260428269328,5 adv payment invoice inv-031"
"4/28/2026","13:38:33","Debit","EUR","-2.60",,"Processing Fee","2BC244C1","inv 150 del 27/04/2026"
"4/28/2026","13:38:33","Debit","EUR","-726.00","Spoladori Davide","Transfer to Spoladori Davide","2BC244C1","inv 150 del 27/04/2026"
"4/28/2026","13:36:40","Debit","EUR","-2.60",,"Processing Fee","10DED93E","No. 2012865"
"4/28/2026","13:36:40","Debit","EUR","-5746.00","WSCP LLC (fr_giro)","Transfer to WSCP LLC (fr_giro)","10DED93E","No. 2012865"
"4/28/2026","13:35:02","Debit","EUR","-2.60",,"Processing Fee","EC675320","Invoice no: 56"
"4/28/2026","13:35:02","Debit","EUR","-5500.00","Lead Busters LLC","Transfer to Lead Busters LLC","EC675320","Invoice no: 56"
"4/27/2026","15:40:54","Debit","EUR","-6.65",,"Receiving Fee","4DC0A683","TXB260427267562,4 adv payment inv. inv-031"
"4/27/2026","15:40:54","Credit","EUR","12000.00",,"Payment from Bizzer LLC to Ad Rice EUR ACCOUNT","4DC0A683","TXB260427267562,4 adv payment inv. inv-031"
"4/27/2026","14:31:53","Debit","EUR","-10.65",,"Receiving Fee","0A15519B","Inv-044 part 2"
"4/27/2026","14:31:53","Credit","EUR","20000.00",,"Payment from SmartMediaSolving OU to Ad Rice EUR ACCOUNT","0A15519B","Inv-044 part 2"
"4/27/2026","13:42:12","Debit","EUR","-2.23",,"Receiving Fee","08A3B64E","Inv-044 part 3 last"
"4/27/2026","13:42:12","Credit","EUR","3140.50",,"Payment from SmartMediaSolving to Ad Rice EUR ACCOUNT","08A3B64E","Inv-044 part 3 last"
"4/27/2026","13:24:32","Debit","EUR","-11.15",,"Receiving Fee","95FBA134","inv-044 part 1"
"4/27/2026","13:24:32","Credit","EUR","21000.00",,"Payment from SMARTMEDIASOLVING OU to Ad Rice EUR ACCOUNT","95FBA134","inv-044 part 1"
"4/27/2026","13:13:30","Debit","EUR","-2.60",,"Processing Fee","D0EA7830","marketing service"
"4/27/2026","13:13:30","Debit","EUR","-44.84",,"Fx Fee","D0EA7830","marketing service"
"4/27/2026","13:13:30","Debit","EUR","-12764.88","COD KINGDOM LLC SLASH","Transfer to COD KINGDOM LLC SLASH","D0EA7830","marketing service"
"4/27/2026","11:05:51","Debit","EUR","-5.65",,"Receiving Fee","F6B9334B","TXB260424264158,3 adv payment invoice inv-031"
"4/27/2026","11:05:51","Credit","EUR","10000.00",,"Payment from Bizzer LLC to Ad Rice EUR ACCOUNT","F6B9334B","TXB260424264158,3 adv payment invoice inv-031"
"4/27/2026","11:03:31","Debit","EUR","-7.15",,"Receiving Fee","29563E1A","TXB260424264133,2 adv payment invoice inv-031"
"4/27/2026","11:03:31","Credit","EUR","13000.00",,"Payment from Bizzer LLC to Ad Rice EUR ACCOUNT","29563E1A","TXB260424264133,2 adv payment invoice inv-031"
"4/27/2026","08:05:13","Debit","EUR","-6.85",,"Processing Fee","9B9EAFDE","Invoice 17"
"4/27/2026","08:05:13","Debit","EUR","-5000.00","SAASPHERE LTD","Transfer to SAASPHERE LTD","9B9EAFDE","Invoice 17"
"4/24/2026","13:41:40","Debit","EUR","-2.60",,"Processing Fee","209B42FB","INVOICE NO.: CS/2026-04/55"
"4/24/2026","13:41:40","Debit","EUR","-7.94",,"Fx Fee","209B42FB","INVOICE NO.: CS/2026-04/55"
"4/24/2026","13:41:40","Debit","EUR","-2259.92","Clicksense LLC","Transfer to Clicksense LLC","209B42FB","INVOICE NO.: CS/2026-04/55"
"4/23/2026","16:08:22","Debit","EUR","-6.65",,"Receiving Fee","978ABDE5","inv-039 part 1"
"4/23/2026","16:08:22","Credit","EUR","11995.00",,"Payment from SMARTMEDIASOLVING OU to Ad Rice EUR ACCOUNT","978ABDE5","inv-039 part 1"
"4/23/2026","16:08:22","Debit","EUR","-2.00",,"Receiving Fee","E2A1CA24","Inv-039 part 2 last"
"4/23/2026","16:08:22","Credit","EUR","2694.00",,"Payment from SmartMediaSolving to Ad Rice EUR ACCOUNT","E2A1CA24","Inv-039 part 2 last"
"4/23/2026","16:08:02","Debit","EUR","-1.27",,"Receiving Fee","DFC5D25A","Inv-029 part 5 last"
"4/23/2026","16:08:02","Credit","EUR","1223.00",,"Payment from SmartMediaSolving to Ad Rice EUR ACCOUNT","DFC5D25A","Inv-029 part 5 last"
"4/23/2026","16:01:03","Debit","EUR","-5.76",,"Receiving Fee","7B56B0B1","Inv-029 part 4"
"4/23/2026","16:01:03","Credit","EUR","10220.00",,"Payment from SmartMediaSolving OU to Ad Rice EUR ACCOUNT","7B56B0B1","Inv-029 part 4"
"4/23/2026","14:47:51","Debit","EUR","-2.60",,"Processing Fee","A3180156","Invoice: 4601"
"4/23/2026","14:47:51","Debit","EUR","-1198.00","Traffic Manager Group S.R.L.","Transfer to Traffic Manager Group S.R.L.","A3180156","Invoice: 4601"
"4/23/2026","12:23:59","Debit","EUR","-7.31",,"Receiving Fee","F31E338A","TXB260423262518,1 adv payment invoice inv-031"
"4/23/2026","12:23:59","Credit","EUR","13320.00",,"Payment from Bizzer LLC to Ad Rice EUR ACCOUNT","F31E338A","TXB260423262518,1 adv payment invoice inv-031"
"4/23/2026","09:37:24","Debit","EUR","-2.60",,"Processing Fee","2C81B4FF","marketing service"
"4/23/2026","09:37:24","Debit","EUR","-60.08",,"Fx Fee","2C81B4FF","marketing service"
"4/23/2026","09:37:24","Debit","EUR","-17102.79","COD KINGDOM LLC SLASH","Transfer to COD KINGDOM LLC SLASH","2C81B4FF","marketing service"
"4/23/2026","08:35:36","Debit","EUR","-5.15",,"Receiving Fee","0EE0BC58","inv-029 part 3"
"4/23/2026","08:35:36","Credit","EUR","9000.00",,"Payment from SMARTMEDIASOLVING OU to Ad Rice EUR ACCOUNT","0EE0BC58","inv-029 part 3"
"4/23/2026","08:35:36","Debit","EUR","-6.28",,"Receiving Fee","86444B9C","Inv-029 part 2"
"4/23/2026","08:35:36","Credit","EUR","11250.00",,"Payment from SmartMediaSolving to Ad Rice EUR ACCOUNT","86444B9C","Inv-029 part 2"
"4/23/2026","08:34:15","Debit","EUR","-7.15",,"Receiving Fee","1B144D41","TXB260422260851,6 adv payment invoice inv-025"
"4/23/2026","08:34:15","Credit","EUR","13000.00",,"Payment from Bizzer LLC to Ad Rice EUR ACCOUNT","1B144D41","TXB260422260851,6 adv payment invoice inv-025"
"4/23/2026","08:20:19","Debit","EUR","-4.53",,"Receiving Fee","58906A77","Inv-029 part 1"
"4/23/2026","08:20:19","Credit","EUR","7760.00",,"Payment from SmartMediaSolving OU to Ad Rice EUR ACCOUNT","58906A77","Inv-029 part 1"
"4/22/2026","21:18:36","Debit","EUR","-2.60",,"Processing Fee","7D6B6A52","INVOICE no. 67/2026 of 2026-04-21"
"4/22/2026","21:18:36","Debit","EUR","-14225.00","MARE S.R.L. unipersonale","Transfer to MARE S.R.L. unipersonale","7D6B6A52","INVOICE no. 67/2026 of 2026-04-21"
"4/22/2026","16:16:03","Debit","EUR","-2.60",,"Processing Fee","4F9E1879",
"4/22/2026","16:16:03","Debit","EUR","-149.92",,"Fx Fee","4F9E1879",
"4/22/2026","16:16:03","Debit","EUR","-42683.97","COD KINGDOM LLC SLASH","Transfer to COD KINGDOM LLC SLASH","4F9E1879",
"4/22/2026","15:32:38","Debit","EUR","-7.15",,"Receiving Fee","F0816318","5 adv payment invoice inv-025"
"4/22/2026","15:32:38","Credit","EUR","13000.00",,"Payment from Bizzer LLC to Ad Rice EUR ACCOUNT","F0816318","5 adv payment invoice inv-025"
"4/22/2026","15:07:13","Debit","EUR","-2.60",,"Processing Fee","C38BDD62","No. 2012862"
"4/22/2026","15:07:13","Debit","EUR","-3933.00","WSCP LLC (fr_giro)","Transfer to WSCP LLC (fr_giro)","C38BDD62","No. 2012862"
"4/22/2026","15:05:44","Debit","EUR","-2.60",,"Processing Fee","D40CFEC7","fattura numero 141 del 20/04/2026"
"4/22/2026","15:05:44","Debit","EUR","-604.00","Spoladori Davide","Transfer to Spoladori Davide","D40CFEC7","fattura numero 141 del 20/04/2026"
"4/22/2026","15:01:59","Debit","EUR","-2.60",,"Processing Fee","B3648EC8","Issue date: 20/04/2026"
"4/22/2026","15:01:59","Debit","EUR","-1036.00","COSWORLD STRATEGIC CONSULT S.R.L.","Transfer to COSWORLD STRATEGIC CONSULT S.R.L.","B3648EC8","Issue date: 20/04/2026"
"4/22/2026","14:56:26","Debit","EUR","-2.60",,"Processing Fee","B42D9DFB","inv 1057"
"4/22/2026","14:56:26","Debit","EUR","-13.87",,"Fx Fee","B42D9DFB","inv 1057"
"4/22/2026","14:56:25","Debit","EUR","-3946.61","Zonecircle LLC","Transfer to Zonecircle LLC","B42D9DFB","inv 1057"
"4/22/2026","14:48:09","Debit","EUR","-2.60",,"Processing Fee","F8C8CE24","nr. FPR 19/26 del 20/04/2026"
"4/22/2026","14:48:09","Debit","EUR","-4953.00","NCM srls","Transfer to NCM srls","F8C8CE24","nr. FPR 19/26 del 20/04/2026"
"4/22/2026","14:44:13","Debit","EUR","-2.60",,"Processing Fee","117A99AD","INVOICE no. 28/2026 of 2026-04-20"
"4/22/2026","14:44:13","Debit","EUR","-16989.00","MANY LEADS S.R.L.","Transfer to MANY LEADS S.R.L.","117A99AD","INVOICE no. 28/2026 of 2026-04-20"
"4/22/2026","10:46:30","Debit","EUR","-9.20",,"Receiving Fee","6CA942E1","inv-035 part 1"
"4/22/2026","10:46:30","Credit","EUR","17100.00",,"Payment from SMARTMEDIASOLVING OU to Ad Rice EUR ACCOUNT","6CA942E1","inv-035 part 1"
"4/22/2026","07:45:27","Debit","EUR","-3.78",,"Receiving Fee","E412D061","Inv-035 part 2 last"
"4/22/2026","07:45:27","Credit","EUR","6242.00",,"Payment from SmartMediaSolving OU to Ad Rice EUR ACCOUNT","E412D061","Inv-035 part 2 last"
"4/21/2026","12:04:59","Debit","EUR","-2.60",,"Processing Fee","40E8DFDF","Marketing service"
"4/21/2026","12:04:59","Debit","EUR","-29.86",,"Fx Fee","40E8DFDF","Marketing service"
"4/21/2026","12:04:59","Debit","EUR","-8499.79","COD KINGDOM LLC SLASH","Transfer to COD KINGDOM LLC SLASH","40E8DFDF","Marketing service"
"4/21/2026","10:36:22","Debit","EUR","-6.65",,"Receiving Fee","F90AFAF8","TXB260421258153,4  adv payment invoice inv-025"
"4/21/2026","10:36:22","Credit","EUR","12000.00",,"Payment from Bizzer LLC to Ad Rice EUR ACCOUNT","F90AFAF8","TXB260421258153,4  adv payment invoice inv-025"
"4/21/2026","09:04:50","Debit","EUR","-2.60",,"Processing Fee","C166EEE6","nr. FPR 14/26 del 16/04/2026"
"4/21/2026","09:04:50","Debit","EUR","-11924.00","ANTANA SRLS","Transfer to ANTANA SRLS","C166EEE6","nr. FPR 14/26 del 16/04/2026"
"4/17/2026","16:19:55","Debit","EUR","-2.60",,"Processing Fee","1E585DAD","Invoice N 08"
"4/17/2026","16:19:55","Debit","EUR","-10000.00","ADVISION AI S.R.L.","Transfer to ADVISION AI S.R.L.","1E585DAD","Invoice N 08"
"4/17/2026","15:03:59","Debit","EUR","-2.60",,"Processing Fee","8AE417CA","No. 2012857"
"4/17/2026","15:03:59","Debit","EUR","-3707.00","WSCP LLC (fr_giro)","Transfer to WSCP LLC (fr_giro)","8AE417CA","No. 2012857"
"4/17/2026","12:05:43","Debit","EUR","-2.60",,"Processing Fee","7A803B68","fattura RE-00043-2023"
"4/17/2026","12:05:43","Debit","EUR","-1760.00","Databrand sagl","Transfer to Databrand sagl","7A803B68","fattura RE-00043-2023"
"4/17/2026","12:04:15","Debit","EUR","-2.60",,"Processing Fee","A858DB64","Invoice BO 0476"
"4/17/2026","12:04:15","Debit","EUR","-5000.00","BORN ONLINE S.R.L.","Transfer to BORN ONLINE S.R.L.","A858DB64","Invoice BO 0476"
"4/17/2026","10:46:53","Debit","EUR","-6.65",,"Receiving Fee","ECE9D939","TXB260417252061,3 adv payment invoice inv-025"
"4/17/2026","10:46:53","Credit","EUR","12000.00",,"Payment from Bizzer LLC to Ad Rice EUR ACCOUNT","ECE9D939","TXB260417252061,3 adv payment invoice inv-025"
"4/17/2026","10:46:53","Debit","EUR","-5.65",,"Receiving Fee","872C9DE0","TXB260417252046,2 adv payment invoice inv-025"
"4/17/2026","10:46:53","Credit","EUR","10000.00",,"Payment from Bizzer LLC to Ad Rice EUR ACCOUNT","872C9DE0","TXB260417252046,2 adv payment invoice inv-025"
"4/17/2026","08:03:49","Debit","EUR","-4.07",,"Receiving Fee","DC0D8CD6","1 adv payment invoice inv-025"
"4/17/2026","08:03:49","Credit","EUR","6840.00",,"Payment from Bizzer LLC to Ad Rice EUR ACCOUNT","DC0D8CD6","1 adv payment invoice inv-025"
"4/16/2026","11:46:52","Debit","EUR","-2.60",,"Processing Fee","4C38FDFB","Invoice BO 0473"
"4/16/2026","11:46:52","Debit","EUR","-16296.50","BORN ONLINE S.R.L.","Transfer to BORN ONLINE S.R.L.","4C38FDFB","Invoice BO 0473"
"4/16/2026","11:38:49","Debit","EUR","-2.60",,"Processing Fee","72A6CE8D","Invoice no: 49"
"4/16/2026","11:38:49","Debit","EUR","-8000.00","Lead Busters LLC","Transfer to Lead Busters LLC","72A6CE8D","Invoice no: 49"
"4/16/2026","11:27:14","Debit","EUR","-2.60",,"Processing Fee","771EC10D","INVOICE no. 26/2026 of 2026-04-14"
"4/16/2026","11:27:14","Debit","EUR","-13280.00","MANY LEADS S.R.L.","Transfer to MANY LEADS S.R.L.","771EC10D","INVOICE no. 26/2026 of 2026-04-14"
"4/15/2026","08:06:10","Debit","EUR","-8.65",,"Receiving Fee","9E0F9D76","TXB260414246827,4 adv payment invoice inv-023"
"4/15/2026","08:06:10","Credit","EUR","16000.00",,"Payment from Bizzer LLC to Ad Rice EUR ACCOUNT","9E0F9D76","TXB260414246827,4 adv payment invoice inv-023"
"4/15/2026","06:54:27","Debit","EUR","-2.65",,"Receiving Fee","D2E7F97A","5 adv payment invoice inv-023"
"4/15/2026","06:54:27","Credit","EUR","4000.00",,"Payment from Bizzer LLC to Ad Rice EUR ACCOUNT","D2E7F97A","5 adv payment invoice inv-023"
"4/13/2026","17:07:18","Debit","EUR","-2.60",,"Processing Fee","912D9742","invoice 133 of 13/04/2026"
"4/13/2026","17:07:18","Debit","EUR","-1495.00","STEFANO DI GIOVANNI","Transfer to STEFANO DI GIOVANNI","912D9742","invoice 133 of 13/04/2026"
"4/13/2026","16:58:13","Debit","EUR","-6.85",,"Processing Fee","59D8905E","2026040903"
"4/13/2026","16:58:13","Debit","EUR","-10500.00","MG Media Tech LLC","Transfer to MG Media Tech LLC","59D8905E","2026040903"
"4/13/2026","16:55:41","Debit","EUR","-2.60",,"Processing Fee","8A614398","No. 2012856"
"4/13/2026","16:55:41","Debit","EUR","-5020.40","WSCP LLC (fr_giro)","Transfer to WSCP LLC (fr_giro)","8A614398","No. 2012856"
"4/13/2026","16:54:47","Debit","EUR","-2.60",,"Processing Fee","CC81FE9E","INVOICE no. 22/2026 of 2026-04-09"
"4/13/2026","16:54:47","Debit","EUR","-16887.00","MANY LEADS S.R.L.","Transfer to MANY LEADS S.R.L.","CC81FE9E","INVOICE no. 22/2026 of 2026-04-09"
"4/13/2026","15:32:13","Debit","EUR","-7.65",,"Receiving Fee","BF425CE6","3 adv payment invoice inv-023"
"4/13/2026","15:32:13","Credit","EUR","14000.00",,"Payment from Bizzer LLC to Ad Rice EUR ACCOUNT","BF425CE6","3 adv payment invoice inv-023"
"4/13/2026","13:36:09","Debit","EUR","-7.34",,"Receiving Fee","AF1AED08","Inv-022 part 4 last"
"4/13/2026","13:36:09","Credit","EUR","13362.50",,"Payment from SmartMediaSolving to Ad Rice EUR ACCOUNT","AF1AED08","Inv-022 part 4 last"
"4/13/2026","08:35:13","Debit","EUR","-6.15",,"Receiving Fee","A34FDC71","TXB260410240071,2 adv payment invoice inv-023"
"4/13/2026","08:35:13","Credit","EUR","11000.00",,"Payment from Bizzer LLC to Ad Rice EUR ACCOUNT","A34FDC71","TXB260410240071,2 adv payment invoice inv-023"
"4/9/2026","15:34:55","Debit","EUR","-6.64",,"Receiving Fee","9196D3D3","1 adv payment invoice inv-023"
"4/9/2026","15:34:55","Credit","EUR","11880.00",,"Payment from Bizzer LLC to Ad Rice EUR ACCOUNT","9196D3D3","1 adv payment invoice inv-023"
"4/9/2026","01:09:02","Debit","EUR","-13.20",,"Receiving Fee","FB2F2E6B","inv-022 part 3"
"4/9/2026","01:09:02","Credit","EUR","25000.00",,"Payment from SMARTMEDIASOLVING OU to Ad Rice EUR ACCOUNT","FB2F2E6B","inv-022 part 3"
"4/9/2026","01:03:42","Debit","EUR","-10.70",,"Receiving Fee","27036825","Inv-022 part 2"
"4/9/2026","01:03:42","Credit","EUR","20000.00",,"Payment from SmartMediaSolving to Ad Rice EUR ACCOUNT","27036825","Inv-022 part 2"
"4/8/2026","17:41:18","Debit","EUR","-13.20",,"Receiving Fee","359ED8F4","Inv-022 part 1"
"4/8/2026","17:41:18","Credit","EUR","25000.00",,"Payment from SmartMediaSolving OU to Ad Rice EUR ACCOUNT","359ED8F4","Inv-022 part 1"
"4/8/2026","17:39:53","Debit","EUR","-5.70",,"Receiving Fee","B413A898","TXB260408234805,invoice inv-017"
"4/8/2026","17:39:53","Credit","EUR","10000.00",,"Payment from Bizzer LLC to Ad Rice EUR ACCOUNT","B413A898","TXB260408234805,invoice inv-017"
"4/8/2026","13:19:51","Debit","EUR","-2.65",,"Processing Fee","B786B33C","Invoice no: 45"
"4/8/2026","13:19:51","Debit","EUR","-7000.00","Lead Busters LLC","Transfer to Lead Busters LLC","B786B33C","Invoice no: 45"
"4/7/2026","12:09:51","Debit","EUR","-5.70",,"Receiving Fee","FBC0120F","3 adv payment invoice inv-017"
"4/7/2026","12:09:51","Credit","EUR","10000.00",,"Payment from Bizzer LLC to Ad Rice EUR ACCOUNT","FBC0120F","3 adv payment invoice inv-017"
"4/7/2026","11:58:51","Debit","EUR","-3.20",,"Receiving Fee","A508F23F","2 adv payment invoice inv-017"
"4/7/2026","11:58:51","Credit","EUR","5000.00",,"Payment from Bizzer LLC to Ad Rice EUR ACCOUNT","A508F23F","2 adv payment invoice inv-017"
"4/7/2026","10:25:22","Debit","EUR","-2.65",,"Processing Fee","3DF535D2","INVOICE NO.: CS/2026-04/46"
"4/7/2026","10:25:22","Debit","EUR","-8.76",,"Fx Fee","3DF535D2","INVOICE NO.: CS/2026-04/46"
"4/7/2026","10:25:22","Debit","EUR","-2492.43","Clicksense LLC","Transfer to Clicksense LLC","3DF535D2","INVOICE NO.: CS/2026-04/46"
"4/7/2026","10:12:05","Debit","EUR","-2.65",,"Processing Fee","C8A842A6",
"4/7/2026","10:12:05","Debit","EUR","-3250.00","WSCP LLC (fr_giro)","Transfer to WSCP LLC (fr_giro)","C8A842A6",
"4/7/2026","09:58:49","Debit","EUR","-4.62",,"Receiving Fee","30494B7D","TXB260403224876,1 adv payment invoice inv-017"
"4/7/2026","09:58:49","Credit","EUR","7840.00",,"Payment from Bizzer LLC to Ad Rice EUR ACCOUNT","30494B7D","TXB260403224876,1 adv payment invoice inv-017"
"4/3/2026","14:29:43","Debit","EUR","-2.65",,"Processing Fee","3AB96499","No. 2012846"
"4/3/2026","14:29:43","Debit","EUR","-4061.00","WSCP LLC (fr_giro)","Transfer to WSCP LLC (fr_giro)","3AB96499","No. 2012846"
"4/2/2026","12:22:52","Debit","EUR","-3.20",,"Receiving Fee","2119C968","TXB260402222954,3 adv payment invoice inv-016"
"4/2/2026","12:22:52","Credit","EUR","5000.00",,"Payment from Bizzer LLC to Ad Rice EUR ACCOUNT","2119C968","TXB260402222954,3 adv payment invoice inv-016"
"4/2/2026","12:11:32","Debit","EUR","-4.20",,"Receiving Fee","22066BD0","2 adv payment invoice inv-016"
"4/2/2026","12:11:32","Credit","EUR","7000.00",,"Payment from Bizzer LLC to Ad Rice EUR ACCOUNT","22066BD0","2 adv payment invoice inv-016"
"4/2/2026","09:33:11","Debit","EUR","-8.35",,"Receiving Fee","D56AAB94","TXB260401221197,1 adv payment inv 016"
"4/2/2026","09:33:11","Credit","EUR","15300.00",,"Payment from Bizzer LLC to Ad Rice EUR ACCOUNT","D56AAB94","TXB260401221197,1 adv payment inv 016"
"3/31/2026","10:11:43","Debit","EUR","-2.65",,"Processing Fee","972DD46D","No. 2012844"
"3/31/2026","10:11:43","Debit","EUR","-3993.00","WSCP LLC (fr_giro)","Transfer to WSCP LLC (fr_giro)","972DD46D","No. 2012844"
"3/31/2026","09:59:57","Debit","EUR","-3.20",,"Receiving Fee","92ADA231","TXB260330215179,closing invoice 013"
"3/31/2026","09:59:57","Credit","EUR","5000.00",,"Payment from Bizzer LLC to Ad Rice EUR ACCOUNT","92ADA231","TXB260330215179,closing invoice 013"
"3/30/2026","15:31:54","Debit","EUR","-3.20",,"Receiving Fee","E7DC6593","5 adv payment invoice 013"
"3/30/2026","15:31:54","Credit","EUR","5000.00",,"Payment from Bizzer LLC to Ad Rice EUR ACCOUNT","E7DC6593","5 adv payment invoice 013"
"3/27/2026","16:30:29","Debit","EUR","-5.65",,"Receiving Fee","72870397","4 adv invoice inv-013"
"3/27/2026","16:30:29","Credit","EUR","10000.00",,"Payment from Bizzer LLC to Ad Rice EUR ACCOUNT","72870397","4 adv invoice inv-013"
"3/27/2026","15:45:54","Debit","EUR","-2.60",,"Processing Fee","91222B95","No. 2012842"
"3/27/2026","15:45:54","Debit","EUR","-4566.40","WSCP LLC (fr_giro)","Transfer to WSCP LLC (fr_giro)","91222B95","No. 2012842"
"3/27/2026","09:50:01","Debit","EUR","-9.27",,"Receiving Fee","88625B13","payment invoice n INV-010 date 18/03/2026"
"3/27/2026","09:50:01","Credit","EUR","17240.00",,"Payment from Netmart LLC to Ad Rice EUR ACCOUNT","88625B13","payment invoice n INV-010 date 18/03/2026"
"3/27/2026","09:08:20","Debit","EUR","-3.15",,"Receiving Fee","C7EE4FC8","TXB260326209368,2 adv payment invoice inv-013"
"3/27/2026","09:08:20","Credit","EUR","5000.00",,"Payment from Bizzer LLC to Ad Rice EUR ACCOUNT","C7EE4FC8","TXB260326209368,2 adv payment invoice inv-013"
"3/26/2026","15:46:06","Debit","EUR","-2.60",,"Processing Fee","F7F782E8","internal company transfer"
"3/26/2026","15:46:06","Debit","EUR","-1997.40","AdRice L.L.C-FZ (CLARITY MALTA)","Transfer to AdRice L.L.C-FZ (CLARITY MALTA)","F7F782E8","internal company transfer"
"3/26/2026","14:31:36","Debit","EUR","-3.15",,"Receiving Fee","7E27ABE1","3 adv payment invoice inv-013"
"3/26/2026","14:31:36","Credit","EUR","5000.00",,"Payment from Bizzer LLC to Ad Rice EUR ACCOUNT","7E27ABE1","3 adv payment invoice inv-013"
"3/25/2026","11:59:21","Debit","EUR","-4.05",,"Receiving Fee","B1E01BBD","TXB260325207363,1 adv payment invoice inv-013"
"3/25/2026","11:59:21","Credit","EUR","6800.00",,"Payment from Bizzer LLC to Ad Rice EUR ACCOUNT","B1E01BBD","TXB260325207363,1 adv payment invoice inv-013"
"3/19/2026","14:33:13","Debit","EUR","-5.70",,"Receiving Fee","93CD1772","invoice inv-009"
"3/19/2026","14:33:13","Credit","EUR","10000.00",,"Payment from Bizzer LLC to Ad Rice EUR ACCOUNT","93CD1772","invoice inv-009"
"3/19/2026","08:29:46","Debit","EUR","-5.58",,"Receiving Fee","CE2EE390","1 ADV PAYMENT INVOICE 009"
"3/19/2026","08:29:46","Credit","EUR","9760.00",,"Payment from Bizzer LLC to Ad Rice EUR ACCOUNT","CE2EE390","1 ADV PAYMENT INVOICE 009"
"3/18/2026","04:54:38","Debit","EUR","-5.70",,"Receiving Fee","CFD1B01F","payment invoice n INV-005 date 12/03/2026"
"3/18/2026","04:54:38","Credit","EUR","10000.00",,"Payment from Netmart LLC to Ad Rice EUR ACCOUNT","CFD1B01F","payment invoice n INV-005 date 12/03/2026"
"3/17/2026","09:11:55","Debit","EUR","-7.00",,"Processing Fee","FBB73BD2","internal company transfer"
"3/17/2026","09:11:55","Debit","EUR","-993.00","ADRICE L L C FZ NDB EUR","Transfer to ADRICE L L C FZ NDB EUR","FBB73BD2","internal company transfer"
"3/17/2026","09:11:07","Debit","EUR","-0.16",,"Fx Fee","6E0B09D1",
"3/17/2026","09:11:07","Debit","EUR","-44.84",,"Convert to USD","6E0B09D1",
"3/16/2026","13:40:04","Debit","EUR","-5.70",,"Receiving Fee","E9F1912D","TXB260313186512,PAYMENT INVOICE inv-007"
"3/16/2026","13:40:04","Credit","EUR","10000.00",,"Payment from Bizzer LLC to Ad Rice EUR ACCOUNT","E9F1912D","TXB260313186512,PAYMENT INVOICE inv-007"
